UserID,선호운동1,선호운동2,만족도,선호시간대
U0001,걷기,조깅,1,오후
U0002,걷기,달리기,5,저녁
U0003,걷기,마라톤,1,오전
U0004,걷기,하이킹,1,저녁
U0005,걷기,등산,3,저녁
U0006,걷기,트레킹,3,오전
U0007,걷기,사이클링,5,오전
U0008,걷기,수영,1,저녁
U0009,걷기,로잉,5,오전
U0010,걷기,스텝퍼,4,오전
U0011,걷기,에어로빅,2,오후
U0012,걷기,노르딕워킹,5,오전
U0013,걷기,파워워킹,5,오후
U0014,걷기,줄넘기,5,오전
U0015,걷기,인라인스케이팅,4,저녁
U0016,걷기,스피닝,5,저녁
U0017,걷기,계단오르기,4,오후
U0018,걷기,킥보드,5,오전
U0019,걷기,러닝머신,4,오후
U0020,걷기,크로스컨트리스키,4,오후
U0021,걷기,조정,5,저녁
U0022,걷기,트램폴린점프,2,저녁
U0023,걷기,댄스에어로빅,5,저녁
U0024,걷기,축구,4,오후
U0025,걷기,풋살,4,오전
U0026,걷기,농구,1,저녁
U0027,걷기,야구,2,저녁
U0028,걷기,소프트볼,4,저녁
U0029,걷기,배구,5,저녁
U0030,걷기,배드민턴,2,오전
U0031,걷기,테니스,5,저녁
U0032,걷기,탁구,2,오후
U0033,걷기,하키,1,저녁
U0034,걷기,볼링,3,오전
U0035,걷기,스쿼시,2,저녁
U0036,걷기,라켓볼,2,오후
U0037,걷기,피구,5,저녁
U0038,걷기,크리켓,3,오전
U0039,걷기,골프,4,오후
U0040,걷기,당구,4,오후
U0041,걷기,핸드볼,1,오전
U0042,걷기,족구,3,오후
U0043,걷기,플로어볼,4,저녁
U0044,걷기,럭비,5,오전
U0045,걷기,비치발리볼,4,저녁
U0046,걷기,게이트볼,4,저녁
U0047,걷기,세팍타크로,4,저녁
U0048,걷기,번지점프,1,저녁
U0049,걷기,패러글라이딩,3,오후
U0050,걷기,스카이다이빙,4,오전
U0051,걷기,서핑,2,오후
U0052,걷기,윈드서핑,2,오후
U0053,걷기,카약,1,오후
U0054,걷기,카누,3,오전
U0055,걷기,래프팅,3,오후
U0056,걷기,스쿠버다이빙,4,오전
U0057,걷기,프리다이빙,3,저녁
U0058,걷기,스노보드,5,저녁
U0059,걷기,스키,5,오전
U0060,걷기,암벽등반,5,저녁
U0061,걷기,볼더링,1,오전
U0062,걷기,산악자전거,5,오전
U0063,걷기,스케이트보드,2,오후
U0064,걷기,BMX,3,저녁
U0065,걷기,오프로드바이크,3,저녁
U0066,걷기,카트레이싱,3,저녁
U0067,걷기,드리프트,1,오전
U0068,걷기,모터크로스,1,오후
U0069,걷기,패들보드,5,저녁
U0070,걷기,집라인,4,저녁
U0071,걷기,패러슈트글라이딩,1,오후
U0072,걷기,스피드스케이팅,5,오후
U0073,걷기,헬스,2,저녁
U0074,걷기,웨이트트레이닝,4,오전
U0075,걷기,요가,5,저녁
U0076,걷기,필라테스,3,저녁
U0077,걷기,크로스핏,1,저녁
U0078,걷기,스피닝,5,오후
U0079,걷기,줌바댄스,2,오후
U0080,걷기,홈트레이닝,5,저녁
U0081,걷기,PT,4,저녁
U0082,걷기,바디펌프,1,저녁
U0083,걷기,스트레칭,1,저녁
U0084,걷기,서킷트레이닝,1,오후
U0085,걷기,태보,3,저녁
U0086,걷기,케틀벨운동,5,오전
U0087,걷기,맨몸운동,2,저녁
U0088,걷기,파워리프팅,5,오후
U0089,걷기,덤벨운동,3,저녁
U0090,걷기,유연성운동,5,오전
U0091,걷기,코어운동,4,오전
U0092,걷기,체형교정운동,2,오전
U0093,걷기,TRX,3,오전
U0094,걷기,밴드운동,1,오전
U0095,걷기,요가플로우,3,오후
U0096,조깅,달리기,4,저녁
U0097,조깅,마라톤,5,오전
U0098,조깅,하이킹,3,오후
U0099,조깅,등산,4,오전
U0100,조깅,트레킹,1,오후
U0101,조깅,사이클링,5,오후
U0102,조깅,수영,5,오전
U0103,조깅,로잉,5,오후
U0104,조깅,스텝퍼,4,오전
U0105,조깅,에어로빅,2,오전
U0106,조깅,노르딕워킹,5,저녁
U0107,조깅,파워워킹,5,오후
U0108,조깅,줄넘기,5,저녁
U0109,조깅,인라인스케이팅,3,오전
U0110,조깅,스피닝,1,오전
U0111,조깅,계단오르기,4,저녁
U0112,조깅,킥보드,5,저녁
U0113,조깅,러닝머신,3,오전
U0114,조깅,크로스컨트리스키,4,저녁
U0115,조깅,조정,2,오후
U0116,조깅,트램폴린점프,4,오후
U0117,조깅,댄스에어로빅,1,오전
U0118,조깅,축구,1,오전
U0119,조깅,풋살,2,저녁
U0120,조깅,농구,1,저녁
U0121,조깅,야구,1,오후
U0122,조깅,소프트볼,5,저녁
U0123,조깅,배구,5,저녁
U0124,조깅,배드민턴,5,오전
U0125,조깅,테니스,5,오후
U0126,조깅,탁구,1,오전
U0127,조깅,하키,5,오전
U0128,조깅,볼링,1,오전
U0129,조깅,스쿼시,1,오후
U0130,조깅,라켓볼,4,저녁
U0131,조깅,피구,1,저녁
U0132,조깅,크리켓,4,오전
U0133,조깅,골프,1,저녁
U0134,조깅,당구,5,저녁
U0135,조깅,핸드볼,5,오전
U0136,조깅,족구,4,오전
U0137,조깅,플로어볼,3,오후
U0138,조깅,럭비,2,저녁
U0139,조깅,비치발리볼,1,오전
U0140,조깅,게이트볼,4,저녁
U0141,조깅,세팍타크로,2,오전
U0142,조깅,번지점프,3,저녁
U0143,조깅,패러글라이딩,1,저녁
U0144,조깅,스카이다이빙,5,오전
U0145,조깅,서핑,5,오후
U0146,조깅,윈드서핑,3,저녁
U0147,조깅,카약,5,오후
U0148,조깅,카누,3,오후
U0149,조깅,래프팅,1,저녁
U0150,조깅,스쿠버다이빙,5,저녁
U0151,조깅,프리다이빙,5,오후
U0152,조깅,스노보드,4,저녁
U0153,조깅,스키,4,저녁
U0154,조깅,암벽등반,2,오전
U0155,조깅,볼더링,3,오후
U0156,조깅,산악자전거,5,오후
U0157,조깅,스케이트보드,1,저녁
U0158,조깅,BMX,5,저녁
U0159,조깅,오프로드바이크,4,오전
U0160,조깅,카트레이싱,5,저녁
U0161,조깅,드리프트,4,저녁
U0162,조깅,모터크로스,5,저녁
U0163,조깅,패들보드,3,오후
U0164,조깅,집라인,2,오전
U0165,조깅,패러슈트글라이딩,2,저녁
U0166,조깅,스피드스케이팅,2,저녁
U0167,조깅,헬스,2,오전
U0168,조깅,웨이트트레이닝,2,오전
U0169,조깅,요가,3,오전
U0170,조깅,필라테스,5,오후
U0171,조깅,크로스핏,3,오후
U0172,조깅,스피닝,5,저녁
U0173,조깅,줌바댄스,2,저녁
U0174,조깅,홈트레이닝,3,오전
U0175,조깅,PT,4,저녁
U0176,조깅,바디펌프,4,오후
U0177,조깅,스트레칭,5,오전
U0178,조깅,서킷트레이닝,4,저녁
U0179,조깅,태보,3,오후
U0180,조깅,케틀벨운동,3,오후
U0181,조깅,맨몸운동,2,저녁
U0182,조깅,파워리프팅,2,오전
U0183,조깅,덤벨운동,1,오전
U0184,조깅,유연성운동,2,오후
U0185,조깅,코어운동,2,오전
U0186,조깅,체형교정운동,2,저녁
U0187,조깅,TRX,5,오후
U0188,조깅,밴드운동,5,오후
U0189,조깅,요가플로우,5,저녁
U0190,달리기,마라톤,3,오전
U0191,달리기,하이킹,3,오후
U0192,달리기,등산,3,저녁
U0193,달리기,트레킹,2,저녁
U0194,달리기,사이클링,4,오전
U0195,달리기,수영,4,오전
U0196,달리기,로잉,3,오후
U0197,달리기,스텝퍼,5,저녁
U0198,달리기,에어로빅,4,저녁
U0199,달리기,노르딕워킹,5,오전
U0200,달리기,파워워킹,2,오후
U0201,달리기,줄넘기,3,오후
U0202,달리기,인라인스케이팅,1,저녁
U0203,달리기,스피닝,5,저녁
U0204,달리기,계단오르기,5,저녁
U0205,달리기,킥보드,3,오후
U0206,달리기,러닝머신,4,저녁
U0207,달리기,크로스컨트리스키,5,저녁
U0208,달리기,조정,5,오후
U0209,달리기,트램폴린점프,3,저녁
U0210,달리기,댄스에어로빅,4,오전
U0211,달리기,축구,1,오전
U0212,달리기,풋살,5,오전
U0213,달리기,농구,5,저녁
U0214,달리기,야구,4,오전
U0215,달리기,소프트볼,3,오후
U0216,달리기,배구,5,저녁
U0217,달리기,배드민턴,5,오전
U0218,달리기,테니스,3,오후
U0219,달리기,탁구,1,오후
U0220,달리기,하키,1,저녁
U0221,달리기,볼링,3,오전
U0222,달리기,스쿼시,1,저녁
U0223,달리기,라켓볼,1,저녁
U0224,달리기,피구,1,오전
U0225,달리기,크리켓,4,오후
U0226,달리기,골프,3,저녁
U0227,달리기,당구,2,오전
U0228,달리기,핸드볼,4,오전
U0229,달리기,족구,3,오전
U0230,달리기,플로어볼,1,저녁
U0231,달리기,럭비,4,저녁
U0232,달리기,비치발리볼,4,오전
U0233,달리기,게이트볼,5,저녁
U0234,달리기,세팍타크로,3,저녁
U0235,달리기,번지점프,4,오전
U0236,달리기,패러글라이딩,3,오전
U0237,달리기,스카이다이빙,5,오후
U0238,달리기,서핑,4,오전
U0239,달리기,윈드서핑,3,오후
U0240,달리기,카약,2,오전
U0241,달리기,카누,1,오후
U0242,달리기,래프팅,5,오전
U0243,달리기,스쿠버다이빙,1,오전
U0244,달리기,프리다이빙,2,오전
U0245,달리기,스노보드,3,저녁
U0246,달리기,스키,5,저녁
U0247,달리기,암벽등반,4,오후
U0248,달리기,볼더링,4,오전
U0249,달리기,산악자전거,2,저녁
U0250,달리기,스케이트보드,4,저녁
U0251,달리기,BMX,1,오후
U0252,달리기,오프로드바이크,4,저녁
U0253,달리기,카트레이싱,1,오후
U0254,달리기,드리프트,1,저녁
U0255,달리기,모터크로스,3,오전
U0256,달리기,패들보드,4,오후
U0257,달리기,집라인,3,저녁
U0258,달리기,패러슈트글라이딩,2,오후
U0259,달리기,스피드스케이팅,1,저녁
U0260,달리기,헬스,4,저녁
U0261,달리기,웨이트트레이닝,5,오전
U0262,달리기,요가,2,오전
U0263,달리기,필라테스,5,오후
U0264,달리기,크로스핏,5,오후
U0265,달리기,스피닝,4,오후
U0266,달리기,줌바댄스,1,저녁
U0267,달리기,홈트레이닝,2,저녁
U0268,달리기,PT,2,오후
U0269,달리기,바디펌프,2,오후
U0270,달리기,스트레칭,3,오후
U0271,달리기,서킷트레이닝,5,저녁
U0272,달리기,태보,5,저녁
U0273,달리기,케틀벨운동,4,오후
U0274,달리기,맨몸운동,5,저녁
U0275,달리기,파워리프팅,2,저녁
U0276,달리기,덤벨운동,3,오후
U0277,달리기,유연성운동,2,오후
U0278,달리기,코어운동,5,오전
U0279,달리기,체형교정운동,3,저녁
U0280,달리기,TRX,2,저녁
U0281,달리기,밴드운동,1,오후
U0282,달리기,요가플로우,2,저녁
U0283,마라톤,하이킹,1,오전
U0284,마라톤,등산,4,오후
U0285,마라톤,트레킹,2,오전
U0286,마라톤,사이클링,3,오후
U0287,마라톤,수영,5,오후
U0288,마라톤,로잉,4,오후
U0289,마라톤,스텝퍼,2,오전
U0290,마라톤,에어로빅,1,저녁
U0291,마라톤,노르딕워킹,3,저녁
U0292,마라톤,파워워킹,4,오후
U0293,마라톤,줄넘기,4,저녁
U0294,마라톤,인라인스케이팅,5,오전
U0295,마라톤,스피닝,1,저녁
U0296,마라톤,계단오르기,5,저녁
U0297,마라톤,킥보드,4,오전
U0298,마라톤,러닝머신,1,오후
U0299,마라톤,크로스컨트리스키,2,오후
U0300,마라톤,조정,3,오후
U0301,마라톤,트램폴린점프,2,오전
U0302,마라톤,댄스에어로빅,2,오후
U0303,마라톤,축구,5,저녁
U0304,마라톤,풋살,5,저녁
U0305,마라톤,농구,1,오전
U0306,마라톤,야구,1,오후
U0307,마라톤,소프트볼,1,오후
U0308,마라톤,배구,2,오전
U0309,마라톤,배드민턴,2,저녁
U0310,마라톤,테니스,1,오후
U0311,마라톤,탁구,2,저녁
U0312,마라톤,하키,4,저녁
U0313,마라톤,볼링,2,저녁
U0314,마라톤,스쿼시,1,오전
U0315,마라톤,라켓볼,4,저녁
U0316,마라톤,피구,5,저녁
U0317,마라톤,크리켓,1,저녁
U0318,마라톤,골프,3,오전
U0319,마라톤,당구,4,저녁
U0320,마라톤,핸드볼,2,오후
U0321,마라톤,족구,1,저녁
U0322,마라톤,플로어볼,1,오후
U0323,마라톤,럭비,1,오전
U0324,마라톤,비치발리볼,5,저녁
U0325,마라톤,게이트볼,5,오전
U0326,마라톤,세팍타크로,1,오후
U0327,마라톤,번지점프,4,오후
U0328,마라톤,패러글라이딩,4,오전
U0329,마라톤,스카이다이빙,3,오전
U0330,마라톤,서핑,3,오전
U0331,마라톤,윈드서핑,2,저녁
U0332,마라톤,카약,2,저녁
U0333,마라톤,카누,2,오전
U0334,마라톤,래프팅,3,오전
U0335,마라톤,스쿠버다이빙,2,저녁
U0336,마라톤,프리다이빙,4,저녁
U0337,마라톤,스노보드,1,오전
U0338,마라톤,스키,4,저녁
U0339,마라톤,암벽등반,4,오후
U0340,마라톤,볼더링,5,오전
U0341,마라톤,산악자전거,2,저녁
U0342,마라톤,스케이트보드,3,저녁
U0343,마라톤,BMX,2,저녁
U0344,마라톤,오프로드바이크,2,저녁
U0345,마라톤,카트레이싱,1,오후
U0346,마라톤,드리프트,2,저녁
U0347,마라톤,모터크로스,2,저녁
U0348,마라톤,패들보드,4,오전
U0349,마라톤,집라인,3,오후
U0350,마라톤,패러슈트글라이딩,3,오후
U0351,마라톤,스피드스케이팅,2,저녁
U0352,마라톤,헬스,3,오전
U0353,마라톤,웨이트트레이닝,2,오전
U0354,마라톤,요가,4,오후
U0355,마라톤,필라테스,5,저녁
U0356,마라톤,크로스핏,1,오후
U0357,마라톤,스피닝,4,오후
U0358,마라톤,줌바댄스,4,오전
U0359,마라톤,홈트레이닝,2,저녁
U0360,마라톤,PT,5,오전
U0361,마라톤,바디펌프,5,오후
U0362,마라톤,스트레칭,1,오전
U0363,마라톤,서킷트레이닝,1,오후
U0364,마라톤,태보,5,오후
U0365,마라톤,케틀벨운동,3,저녁
U0366,마라톤,맨몸운동,1,오후
U0367,마라톤,파워리프팅,4,오후
U0368,마라톤,덤벨운동,1,오후
U0369,마라톤,유연성운동,3,오후
U0370,마라톤,코어운동,1,오전
U0371,마라톤,체형교정운동,5,저녁
U0372,마라톤,TRX,1,저녁
U0373,마라톤,밴드운동,4,오후
U0374,마라톤,요가플로우,4,오후
U0375,하이킹,등산,2,저녁
U0376,하이킹,트레킹,5,오전
U0377,하이킹,사이클링,4,오전
U0378,하이킹,수영,5,저녁
U0379,하이킹,로잉,3,오전
U0380,하이킹,스텝퍼,4,오전
U0381,하이킹,에어로빅,5,오전
U0382,하이킹,노르딕워킹,3,오전
U0383,하이킹,파워워킹,4,오후
U0384,하이킹,줄넘기,2,오후
U0385,하이킹,인라인스케이팅,1,저녁
U0386,하이킹,스피닝,2,오후
U0387,하이킹,계단오르기,3,저녁
U0388,하이킹,킥보드,4,저녁
U0389,하이킹,러닝머신,2,오후
U0390,하이킹,크로스컨트리스키,4,오후
U0391,하이킹,조정,2,오전
U0392,하이킹,트램폴린점프,3,오전
U0393,하이킹,댄스에어로빅,3,저녁
U0394,하이킹,축구,2,저녁
U0395,하이킹,풋살,3,오후
U0396,하이킹,농구,2,오전
U0397,하이킹,야구,5,저녁
U0398,하이킹,소프트볼,3,저녁
U0399,하이킹,배구,3,저녁
U0400,하이킹,배드민턴,4,오전
U0401,하이킹,테니스,5,저녁
U0402,하이킹,탁구,1,오후
U0403,하이킹,하키,1,저녁
U0404,하이킹,볼링,3,저녁
U0405,하이킹,스쿼시,5,저녁
U0406,하이킹,라켓볼,5,저녁
U0407,하이킹,피구,2,오후
U0408,하이킹,크리켓,3,오전
U0409,하이킹,골프,4,저녁
U0410,하이킹,당구,3,오전
U0411,하이킹,핸드볼,5,오전
U0412,하이킹,족구,3,오전
U0413,하이킹,플로어볼,3,오전
U0414,하이킹,럭비,3,오전
U0415,하이킹,비치발리볼,4,오전
U0416,하이킹,게이트볼,1,저녁
U0417,하이킹,세팍타크로,3,저녁
U0418,하이킹,번지점프,5,저녁
U0419,하이킹,패러글라이딩,5,오전
U0420,하이킹,스카이다이빙,4,오전
U0421,하이킹,서핑,3,저녁
U0422,하이킹,윈드서핑,1,오전
U0423,하이킹,카약,1,오전
U0424,하이킹,카누,2,오후
U0425,하이킹,래프팅,4,오후
U0426,하이킹,스쿠버다이빙,2,오후
U0427,하이킹,프리다이빙,5,오후
U0428,하이킹,스노보드,5,저녁
U0429,하이킹,스키,1,저녁
U0430,하이킹,암벽등반,5,저녁
U0431,하이킹,볼더링,3,저녁
U0432,하이킹,산악자전거,3,오전
U0433,하이킹,스케이트보드,2,오후
U0434,하이킹,BMX,3,오후
U0435,하이킹,오프로드바이크,1,오후
U0436,하이킹,카트레이싱,5,오후
U0437,하이킹,드리프트,5,오전
U0438,하이킹,모터크로스,1,저녁
U0439,하이킹,패들보드,4,저녁
U0440,하이킹,집라인,4,오전
U0441,하이킹,패러슈트글라이딩,3,오후
U0442,하이킹,스피드스케이팅,4,오후
U0443,하이킹,헬스,1,저녁
U0444,하이킹,웨이트트레이닝,1,저녁
U0445,하이킹,요가,1,저녁
U0446,하이킹,필라테스,1,오전
U0447,하이킹,크로스핏,2,오후
U0448,하이킹,스피닝,2,오후
U0449,하이킹,줌바댄스,4,오전
U0450,하이킹,홈트레이닝,3,저녁
U0451,하이킹,PT,2,오전
U0452,하이킹,바디펌프,5,저녁
U0453,하이킹,스트레칭,1,오전
U0454,하이킹,서킷트레이닝,2,오전
U0455,하이킹,태보,1,오후
U0456,하이킹,케틀벨운동,1,오전
U0457,하이킹,맨몸운동,1,오후
U0458,하이킹,파워리프팅,5,저녁
U0459,하이킹,덤벨운동,5,오전
U0460,하이킹,유연성운동,2,오전
U0461,하이킹,코어운동,2,오전
U0462,하이킹,체형교정운동,1,저녁
U0463,하이킹,TRX,2,오후
U0464,하이킹,밴드운동,3,오전
U0465,하이킹,요가플로우,1,오전
U0466,등산,트레킹,5,오전
U0467,등산,사이클링,5,저녁
U0468,등산,수영,1,저녁
U0469,등산,로잉,4,오전
U0470,등산,스텝퍼,5,오전
U0471,등산,에어로빅,2,오후
U0472,등산,노르딕워킹,2,오전
U0473,등산,파워워킹,5,오후
U0474,등산,줄넘기,1,오전
U0475,등산,인라인스케이팅,5,오후
U0476,등산,스피닝,1,저녁
U0477,등산,계단오르기,3,저녁
U0478,등산,킥보드,2,오후
U0479,등산,러닝머신,4,오후
U0480,등산,크로스컨트리스키,5,저녁
U0481,등산,조정,2,오후
U0482,등산,트램폴린점프,3,저녁
U0483,등산,댄스에어로빅,2,오전
U0484,등산,축구,5,오후
U0485,등산,풋살,5,오후
U0486,등산,농구,4,오후
U0487,등산,야구,2,저녁
U0488,등산,소프트볼,1,저녁
U0489,등산,배구,3,오후
U0490,등산,배드민턴,1,오후
U0491,등산,테니스,3,저녁
U0492,등산,탁구,1,오후
U0493,등산,하키,3,저녁
U0494,등산,볼링,5,오후
U0495,등산,스쿼시,1,오전
U0496,등산,라켓볼,3,오후
U0497,등산,피구,5,저녁
U0498,등산,크리켓,5,저녁
U0499,등산,골프,1,오후
U0500,등산,당구,3,저녁
U0501,등산,핸드볼,3,저녁
U0502,등산,족구,4,저녁
U0503,등산,플로어볼,5,오전
U0504,등산,럭비,3,저녁
U0505,등산,비치발리볼,3,오후
U0506,등산,게이트볼,3,오후
U0507,등산,세팍타크로,2,오후
U0508,등산,번지점프,3,오전
U0509,등산,패러글라이딩,1,오전
U0510,등산,스카이다이빙,5,오후
U0511,등산,서핑,3,오후
U0512,등산,윈드서핑,5,저녁
U0513,등산,카약,2,오후
U0514,등산,카누,3,오후
U0515,등산,래프팅,3,오전
U0516,등산,스쿠버다이빙,3,저녁
U0517,등산,프리다이빙,2,오후
U0518,등산,스노보드,2,오전
U0519,등산,스키,2,오후
U0520,등산,암벽등반,4,오후
U0521,등산,볼더링,1,오전
U0522,등산,산악자전거,4,오후
U0523,등산,스케이트보드,5,저녁
U0524,등산,BMX,2,오전
U0525,등산,오프로드바이크,1,오전
U0526,등산,카트레이싱,5,오전
U0527,등산,드리프트,5,오후
U0528,등산,모터크로스,5,오후
U0529,등산,패들보드,2,오전
U0530,등산,집라인,3,오전
U0531,등산,패러슈트글라이딩,3,저녁
U0532,등산,스피드스케이팅,5,오후
U0533,등산,헬스,5,저녁
U0534,등산,웨이트트레이닝,3,저녁
U0535,등산,요가,2,오전
U0536,등산,필라테스,4,저녁
U0537,등산,크로스핏,5,저녁
U0538,등산,스피닝,3,오전
U0539,등산,줌바댄스,5,오전
U0540,등산,홈트레이닝,2,저녁
U0541,등산,PT,3,저녁
U0542,등산,바디펌프,3,오전
U0543,등산,스트레칭,3,저녁
U0544,등산,서킷트레이닝,1,저녁
U0545,등산,태보,4,오후
U0546,등산,케틀벨운동,1,저녁
U0547,등산,맨몸운동,1,저녁
U0548,등산,파워리프팅,4,오후
U0549,등산,덤벨운동,5,오후
U0550,등산,유연성운동,5,저녁
U0551,등산,코어운동,3,오후
U0552,등산,체형교정운동,1,오전
U0553,등산,TRX,3,오후
U0554,등산,밴드운동,5,오후
U0555,등산,요가플로우,5,오후
U0556,트레킹,사이클링,1,오전
U0557,트레킹,수영,5,오후
U0558,트레킹,로잉,2,오후
U0559,트레킹,스텝퍼,4,저녁
U0560,트레킹,에어로빅,4,오전
U0561,트레킹,노르딕워킹,1,오전
U0562,트레킹,파워워킹,2,저녁
U0563,트레킹,줄넘기,2,오전
U0564,트레킹,인라인스케이팅,4,오전
U0565,트레킹,스피닝,5,오전
U0566,트레킹,계단오르기,5,저녁
U0567,트레킹,킥보드,1,오전
U0568,트레킹,러닝머신,3,저녁
U0569,트레킹,크로스컨트리스키,4,오전
U0570,트레킹,조정,4,오전
U0571,트레킹,트램폴린점프,2,오후
U0572,트레킹,댄스에어로빅,5,오전
U0573,트레킹,축구,3,저녁
U0574,트레킹,풋살,5,오전
U0575,트레킹,농구,4,저녁
U0576,트레킹,야구,1,저녁
U0577,트레킹,소프트볼,3,오후
U0578,트레킹,배구,5,오전
U0579,트레킹,배드민턴,4,오전
U0580,트레킹,테니스,3,오후
U0581,트레킹,탁구,1,저녁
U0582,트레킹,하키,2,오전
U0583,트레킹,볼링,5,저녁
U0584,트레킹,스쿼시,5,오전
U0585,트레킹,라켓볼,3,저녁
U0586,트레킹,피구,5,저녁
U0587,트레킹,크리켓,2,저녁
U0588,트레킹,골프,4,오후
U0589,트레킹,당구,1,저녁
U0590,트레킹,핸드볼,2,오전
U0591,트레킹,족구,5,저녁
U0592,트레킹,플로어볼,4,저녁
U0593,트레킹,럭비,1,오후
U0594,트레킹,비치발리볼,3,오전
U0595,트레킹,게이트볼,2,오후
U0596,트레킹,세팍타크로,3,오후
U0597,트레킹,번지점프,3,오전
U0598,트레킹,패러글라이딩,4,오전
U0599,트레킹,스카이다이빙,1,저녁
U0600,트레킹,서핑,2,오후
U0601,트레킹,윈드서핑,5,오후
U0602,트레킹,카약,3,오후
U0603,트레킹,카누,3,저녁
U0604,트레킹,래프팅,3,오후
U0605,트레킹,스쿠버다이빙,1,저녁
U0606,트레킹,프리다이빙,5,저녁
U0607,트레킹,스노보드,2,오후
U0608,트레킹,스키,4,저녁
U0609,트레킹,암벽등반,1,오전
U0610,트레킹,볼더링,1,오후
U0611,트레킹,산악자전거,1,오후
U0612,트레킹,스케이트보드,3,오전
U0613,트레킹,BMX,5,오전
U0614,트레킹,오프로드바이크,4,오전
U0615,트레킹,카트레이싱,3,오전
U0616,트레킹,드리프트,4,오전
U0617,트레킹,모터크로스,1,오후
U0618,트레킹,패들보드,5,저녁
U0619,트레킹,집라인,1,오전
U0620,트레킹,패러슈트글라이딩,1,저녁
U0621,트레킹,스피드스케이팅,5,저녁
U0622,트레킹,헬스,3,저녁
U0623,트레킹,웨이트트레이닝,2,오후
U0624,트레킹,요가,4,오후
U0625,트레킹,필라테스,2,오후
U0626,트레킹,크로스핏,5,오후
U0627,트레킹,스피닝,4,오후
U0628,트레킹,줌바댄스,2,오후
U0629,트레킹,홈트레이닝,2,저녁
U0630,트레킹,PT,1,오후
U0631,트레킹,바디펌프,4,오전
U0632,트레킹,스트레칭,3,오후
U0633,트레킹,서킷트레이닝,1,저녁
U0634,트레킹,태보,2,오전
U0635,트레킹,케틀벨운동,3,오전
U0636,트레킹,맨몸운동,5,오후
U0637,트레킹,파워리프팅,1,오전
U0638,트레킹,덤벨운동,1,저녁
U0639,트레킹,유연성운동,3,오후
U0640,트레킹,코어운동,4,오전
U0641,트레킹,체형교정운동,5,저녁
U0642,트레킹,TRX,3,저녁
U0643,트레킹,밴드운동,2,오전
U0644,트레킹,요가플로우,4,오전
U0645,사이클링,수영,2,오후
U0646,사이클링,로잉,3,오전
U0647,사이클링,스텝퍼,1,오후
U0648,사이클링,에어로빅,4,오전
U0649,사이클링,노르딕워킹,3,저녁
U0650,사이클링,파워워킹,5,저녁
U0651,사이클링,줄넘기,3,오전
U0652,사이클링,인라인스케이팅,2,저녁
U0653,사이클링,스피닝,5,오전
U0654,사이클링,계단오르기,4,저녁
U0655,사이클링,킥보드,3,오후
U0656,사이클링,러닝머신,3,오후
U0657,사이클링,크로스컨트리스키,5,오전
U0658,사이클링,조정,5,오후
U0659,사이클링,트램폴린점프,5,저녁
U0660,사이클링,댄스에어로빅,5,오후
U0661,사이클링,축구,4,저녁
U0662,사이클링,풋살,2,저녁
U0663,사이클링,농구,2,오전
U0664,사이클링,야구,1,저녁
U0665,사이클링,소프트볼,1,저녁
U0666,사이클링,배구,3,오후
U0667,사이클링,배드민턴,3,저녁
U0668,사이클링,테니스,2,오전
U0669,사이클링,탁구,5,저녁
U0670,사이클링,하키,5,오전
U0671,사이클링,볼링,3,오전
U0672,사이클링,스쿼시,2,저녁
U0673,사이클링,라켓볼,5,저녁
U0674,사이클링,피구,3,오후
U0675,사이클링,크리켓,3,오후
U0676,사이클링,골프,4,저녁
U0677,사이클링,당구,1,저녁
U0678,사이클링,핸드볼,4,오후
U0679,사이클링,족구,2,저녁
U0680,사이클링,플로어볼,2,저녁
U0681,사이클링,럭비,2,오전
U0682,사이클링,비치발리볼,3,오전
U0683,사이클링,게이트볼,1,오후
U0684,사이클링,세팍타크로,1,오후
U0685,사이클링,번지점프,5,오전
U0686,사이클링,패러글라이딩,1,저녁
U0687,사이클링,스카이다이빙,2,오전
U0688,사이클링,서핑,2,오전
U0689,사이클링,윈드서핑,5,오후
U0690,사이클링,카약,4,오후
U0691,사이클링,카누,4,저녁
U0692,사이클링,래프팅,2,저녁
U0693,사이클링,스쿠버다이빙,5,저녁
U0694,사이클링,프리다이빙,2,오전
U0695,사이클링,스노보드,2,오전
U0696,사이클링,스키,3,오후
U0697,사이클링,암벽등반,1,오후
U0698,사이클링,볼더링,3,오전
U0699,사이클링,산악자전거,4,저녁
U0700,사이클링,스케이트보드,4,저녁
U0701,사이클링,BMX,5,오후
U0702,사이클링,오프로드바이크,1,오후
U0703,사이클링,카트레이싱,5,오전
U0704,사이클링,드리프트,2,오전
U0705,사이클링,모터크로스,5,오후
U0706,사이클링,패들보드,5,저녁
U0707,사이클링,집라인,2,오후
U0708,사이클링,패러슈트글라이딩,2,저녁
U0709,사이클링,스피드스케이팅,2,저녁
U0710,사이클링,헬스,2,저녁
U0711,사이클링,웨이트트레이닝,4,저녁
U0712,사이클링,요가,3,저녁
U0713,사이클링,필라테스,3,오전
U0714,사이클링,크로스핏,3,오후
U0715,사이클링,스피닝,4,오전
U0716,사이클링,줌바댄스,1,저녁
U0717,사이클링,홈트레이닝,4,오후
U0718,사이클링,PT,1,저녁
U0719,사이클링,바디펌프,1,오후
U0720,사이클링,스트레칭,2,오후
U0721,사이클링,서킷트레이닝,5,오전
U0722,사이클링,태보,4,오전
U0723,사이클링,케틀벨운동,5,저녁
U0724,사이클링,맨몸운동,3,오후
U0725,사이클링,파워리프팅,5,오후
U0726,사이클링,덤벨운동,3,저녁
U0727,사이클링,유연성운동,2,오전
U0728,사이클링,코어운동,5,저녁
U0729,사이클링,체형교정운동,1,오후
U0730,사이클링,TRX,5,오후
U0731,사이클링,밴드운동,2,오후
U0732,사이클링,요가플로우,2,저녁
U0733,수영,로잉,1,저녁
U0734,수영,스텝퍼,2,저녁
U0735,수영,에어로빅,3,오전
U0736,수영,노르딕워킹,4,저녁
U0737,수영,파워워킹,2,저녁
U0738,수영,줄넘기,2,오전
U0739,수영,인라인스케이팅,3,오후
U0740,수영,스피닝,3,저녁
U0741,수영,계단오르기,5,오전
U0742,수영,킥보드,2,저녁
U0743,수영,러닝머신,2,저녁
U0744,수영,크로스컨트리스키,4,오후
U0745,수영,조정,3,오후
U0746,수영,트램폴린점프,5,오전
U0747,수영,댄스에어로빅,4,오후
U0748,수영,축구,5,저녁
U0749,수영,풋살,4,오전
U0750,수영,농구,1,오후
U0751,수영,야구,4,저녁
U0752,수영,소프트볼,4,오전
U0753,수영,배구,4,저녁
U0754,수영,배드민턴,3,오전
U0755,수영,테니스,1,오전
U0756,수영,탁구,3,오전
U0757,수영,하키,5,오후
U0758,수영,볼링,4,저녁
U0759,수영,스쿼시,1,저녁
U0760,수영,라켓볼,5,오전
U0761,수영,피구,5,오후
U0762,수영,크리켓,2,저녁
U0763,수영,골프,2,오후
U0764,수영,당구,1,오전
U0765,수영,핸드볼,1,오후
U0766,수영,족구,4,오전
U0767,수영,플로어볼,4,오후
U0768,수영,럭비,1,저녁
U0769,수영,비치발리볼,4,오전
U0770,수영,게이트볼,1,오전
U0771,수영,세팍타크로,2,저녁
U0772,수영,번지점프,1,오전
U0773,수영,패러글라이딩,5,오전
U0774,수영,스카이다이빙,3,오전
U0775,수영,서핑,3,저녁
U0776,수영,윈드서핑,2,저녁
U0777,수영,카약,5,저녁
U0778,수영,카누,4,오후
U0779,수영,래프팅,4,저녁
U0780,수영,스쿠버다이빙,4,오후
U0781,수영,프리다이빙,3,오후
U0782,수영,스노보드,2,오전
U0783,수영,스키,4,오후
U0784,수영,암벽등반,4,오후
U0785,수영,볼더링,3,오전
U0786,수영,산악자전거,3,저녁
U0787,수영,스케이트보드,5,오전
U0788,수영,BMX,3,오후
U0789,수영,오프로드바이크,2,오전
U0790,수영,카트레이싱,1,저녁
U0791,수영,드리프트,5,저녁
U0792,수영,모터크로스,3,오전
U0793,수영,패들보드,1,오후
U0794,수영,집라인,5,저녁
U0795,수영,패러슈트글라이딩,5,저녁
U0796,수영,스피드스케이팅,2,오후
U0797,수영,헬스,2,오후
U0798,수영,웨이트트레이닝,5,저녁
U0799,수영,요가,5,오후
U0800,수영,필라테스,1,저녁
U0801,수영,크로스핏,2,오전
U0802,수영,스피닝,1,오전
U0803,수영,줌바댄스,1,저녁
U0804,수영,홈트레이닝,5,오후
U0805,수영,PT,4,오후
U0806,수영,바디펌프,2,오후
U0807,수영,스트레칭,4,저녁
U0808,수영,서킷트레이닝,2,저녁
U0809,수영,태보,5,오전
U0810,수영,케틀벨운동,4,오전
U0811,수영,맨몸운동,3,저녁
U0812,수영,파워리프팅,5,저녁
U0813,수영,덤벨운동,2,오후
U0814,수영,유연성운동,2,저녁
U0815,수영,코어운동,5,오전
U0816,수영,체형교정운동,3,오전
U0817,수영,TRX,5,저녁
U0818,수영,밴드운동,2,오후
U0819,수영,요가플로우,2,오후
U0820,로잉,스텝퍼,1,저녁
U0821,로잉,에어로빅,1,오전
U0822,로잉,노르딕워킹,4,저녁
U0823,로잉,파워워킹,1,저녁
U0824,로잉,줄넘기,3,오전
U0825,로잉,인라인스케이팅,3,저녁
U0826,로잉,스피닝,1,저녁
U0827,로잉,계단오르기,2,오전
U0828,로잉,킥보드,5,저녁
U0829,로잉,러닝머신,3,저녁
U0830,로잉,크로스컨트리스키,3,오후
U0831,로잉,조정,5,오전
U0832,로잉,트램폴린점프,1,저녁
U0833,로잉,댄스에어로빅,3,오전
U0834,로잉,축구,3,저녁
U0835,로잉,풋살,4,오전
U0836,로잉,농구,2,저녁
U0837,로잉,야구,2,오전
U0838,로잉,소프트볼,4,오후
U0839,로잉,배구,3,오후
U0840,로잉,배드민턴,5,오후
U0841,로잉,테니스,3,오후
U0842,로잉,탁구,5,오전
U0843,로잉,하키,1,오전
U0844,로잉,볼링,5,오후
U0845,로잉,스쿼시,5,오전
U0846,로잉,라켓볼,2,오후
U0847,로잉,피구,5,저녁
U0848,로잉,크리켓,5,저녁
U0849,로잉,골프,5,저녁
U0850,로잉,당구,4,저녁
U0851,로잉,핸드볼,3,오후
U0852,로잉,족구,4,오후
U0853,로잉,플로어볼,2,오전
U0854,로잉,럭비,4,오후
U0855,로잉,비치발리볼,2,오후
U0856,로잉,게이트볼,5,오후
U0857,로잉,세팍타크로,4,오전
U0858,로잉,번지점프,3,저녁
U0859,로잉,패러글라이딩,5,저녁
U0860,로잉,스카이다이빙,5,오후
U0861,로잉,서핑,5,오후
U0862,로잉,윈드서핑,1,저녁
U0863,로잉,카약,4,오전
U0864,로잉,카누,4,오전
U0865,로잉,래프팅,4,저녁
U0866,로잉,스쿠버다이빙,2,오전
U0867,로잉,프리다이빙,4,오전
U0868,로잉,스노보드,5,저녁
U0869,로잉,스키,1,오후
U0870,로잉,암벽등반,5,오후
U0871,로잉,볼더링,4,저녁
U0872,로잉,산악자전거,1,오전
U0873,로잉,스케이트보드,2,저녁
U0874,로잉,BMX,3,오전
U0875,로잉,오프로드바이크,5,오전
U0876,로잉,카트레이싱,2,오후
U0877,로잉,드리프트,5,오후
U0878,로잉,모터크로스,4,오후
U0879,로잉,패들보드,2,오후
U0880,로잉,집라인,3,오전
U0881,로잉,패러슈트글라이딩,3,오전
U0882,로잉,스피드스케이팅,5,저녁
U0883,로잉,헬스,4,오전
U0884,로잉,웨이트트레이닝,1,오전
U0885,로잉,요가,1,오전
U0886,로잉,필라테스,4,저녁
U0887,로잉,크로스핏,1,오후
U0888,로잉,스피닝,1,저녁
U0889,로잉,줌바댄스,5,저녁
U0890,로잉,홈트레이닝,3,저녁
U0891,로잉,PT,2,오후
U0892,로잉,바디펌프,5,오후
U0893,로잉,스트레칭,4,저녁
U0894,로잉,서킷트레이닝,3,오후
U0895,로잉,태보,1,저녁
U0896,로잉,케틀벨운동,5,오전
U0897,로잉,맨몸운동,4,오후
U0898,로잉,파워리프팅,2,오후
U0899,로잉,덤벨운동,3,오후
U0900,로잉,유연성운동,3,오후
U0901,로잉,코어운동,2,오후
U0902,로잉,체형교정운동,4,오후
U0903,로잉,TRX,3,오후
U0904,로잉,밴드운동,4,오후
U0905,로잉,요가플로우,4,오후
U0906,스텝퍼,에어로빅,2,오전
U0907,스텝퍼,노르딕워킹,4,저녁
U0908,스텝퍼,파워워킹,3,오후
U0909,스텝퍼,줄넘기,4,오후
U0910,스텝퍼,인라인스케이팅,5,오전
U0911,스텝퍼,스피닝,4,오전
U0912,스텝퍼,계단오르기,3,오후
U0913,스텝퍼,킥보드,2,오전
U0914,스텝퍼,러닝머신,5,오후
U0915,스텝퍼,크로스컨트리스키,2,오후
U0916,스텝퍼,조정,2,오후
U0917,스텝퍼,트램폴린점프,3,오전
U0918,스텝퍼,댄스에어로빅,4,저녁
U0919,스텝퍼,축구,1,오전
U0920,스텝퍼,풋살,4,저녁
U0921,스텝퍼,농구,2,오후
U0922,스텝퍼,야구,5,오후
U0923,스텝퍼,소프트볼,5,저녁
U0924,스텝퍼,배구,3,오전
U0925,스텝퍼,배드민턴,4,오전
U0926,스텝퍼,테니스,5,오후
U0927,스텝퍼,탁구,3,오후
U0928,스텝퍼,하키,4,오후
U0929,스텝퍼,볼링,3,오후
U0930,스텝퍼,스쿼시,3,저녁
U0931,스텝퍼,라켓볼,5,저녁
U0932,스텝퍼,피구,4,오후
U0933,스텝퍼,크리켓,4,오전
U0934,스텝퍼,골프,1,저녁
U0935,스텝퍼,당구,1,오후
U0936,스텝퍼,핸드볼,5,저녁
U0937,스텝퍼,족구,4,오후
U0938,스텝퍼,플로어볼,2,오후
U0939,스텝퍼,럭비,4,저녁
U0940,스텝퍼,비치발리볼,5,오전
U0941,스텝퍼,게이트볼,3,오후
U0942,스텝퍼,세팍타크로,5,오후
U0943,스텝퍼,번지점프,5,저녁
U0944,스텝퍼,패러글라이딩,5,오전
U0945,스텝퍼,스카이다이빙,3,오후
U0946,스텝퍼,서핑,3,오후
U0947,스텝퍼,윈드서핑,3,오전
U0948,스텝퍼,카약,1,오후
U0949,스텝퍼,카누,5,저녁
U0950,스텝퍼,래프팅,2,저녁
U0951,스텝퍼,스쿠버다이빙,1,저녁
U0952,스텝퍼,프리다이빙,2,오전
U0953,스텝퍼,스노보드,5,오후
U0954,스텝퍼,스키,5,오후
U0955,스텝퍼,암벽등반,1,저녁
U0956,스텝퍼,볼더링,3,오후
U0957,스텝퍼,산악자전거,3,오후
U0958,스텝퍼,스케이트보드,4,저녁
U0959,스텝퍼,BMX,5,오후
U0960,스텝퍼,오프로드바이크,2,저녁
U0961,스텝퍼,카트레이싱,5,저녁
U0962,스텝퍼,드리프트,3,저녁
U0963,스텝퍼,모터크로스,1,오전
U0964,스텝퍼,패들보드,3,저녁
U0965,스텝퍼,집라인,1,오후
U0966,스텝퍼,패러슈트글라이딩,1,저녁
U0967,스텝퍼,스피드스케이팅,3,오전
U0968,스텝퍼,헬스,2,저녁
U0969,스텝퍼,웨이트트레이닝,4,오후
U0970,스텝퍼,요가,2,오후
U0971,스텝퍼,필라테스,1,저녁
U0972,스텝퍼,크로스핏,1,오전
U0973,스텝퍼,스피닝,3,저녁
U0974,스텝퍼,줌바댄스,3,오후
U0975,스텝퍼,홈트레이닝,5,저녁
U0976,스텝퍼,PT,5,오후
U0977,스텝퍼,바디펌프,4,오전
U0978,스텝퍼,스트레칭,5,오후
U0979,스텝퍼,서킷트레이닝,4,오전
U0980,스텝퍼,태보,3,오전
U0981,스텝퍼,케틀벨운동,3,오전
U0982,스텝퍼,맨몸운동,3,저녁
U0983,스텝퍼,파워리프팅,4,저녁
U0984,스텝퍼,덤벨운동,5,오후
U0985,스텝퍼,유연성운동,5,오후
U0986,스텝퍼,코어운동,5,저녁
U0987,스텝퍼,체형교정운동,2,저녁
U0988,스텝퍼,TRX,5,오후
U0989,스텝퍼,밴드운동,3,오후
U0990,스텝퍼,요가플로우,5,오전
U0991,에어로빅,노르딕워킹,4,오전
U0992,에어로빅,파워워킹,3,저녁
U0993,에어로빅,줄넘기,5,오후
U0994,에어로빅,인라인스케이팅,5,오전
U0995,에어로빅,스피닝,3,저녁
U0996,에어로빅,계단오르기,2,오후
U0997,에어로빅,킥보드,1,오후
U0998,에어로빅,러닝머신,5,오전
U0999,에어로빅,크로스컨트리스키,5,오후
U1000,에어로빅,조정,4,오전
U1001,에어로빅,트램폴린점프,3,오후
U1002,에어로빅,댄스에어로빅,2,오후
U1003,에어로빅,축구,3,오전
U1004,에어로빅,풋살,4,오전
U1005,에어로빅,농구,2,오후
U1006,에어로빅,야구,1,오후
U1007,에어로빅,소프트볼,5,저녁
U1008,에어로빅,배구,1,오전
U1009,에어로빅,배드민턴,2,오전
U1010,에어로빅,테니스,4,오전
U1011,에어로빅,탁구,3,오전
U1012,에어로빅,하키,2,오후
U1013,에어로빅,볼링,4,오후
U1014,에어로빅,스쿼시,4,오전
U1015,에어로빅,라켓볼,3,오후
U1016,에어로빅,피구,3,저녁
U1017,에어로빅,크리켓,5,오전
U1018,에어로빅,골프,2,오전
U1019,에어로빅,당구,5,저녁
U1020,에어로빅,핸드볼,5,오전
U1021,에어로빅,족구,4,저녁
U1022,에어로빅,플로어볼,3,저녁
U1023,에어로빅,럭비,3,오전
U1024,에어로빅,비치발리볼,2,오전
U1025,에어로빅,게이트볼,5,오후
U1026,에어로빅,세팍타크로,4,오전
U1027,에어로빅,번지점프,4,오전
U1028,에어로빅,패러글라이딩,3,저녁
U1029,에어로빅,스카이다이빙,3,저녁
U1030,에어로빅,서핑,5,저녁
U1031,에어로빅,윈드서핑,2,저녁
U1032,에어로빅,카약,1,오후
U1033,에어로빅,카누,3,저녁
U1034,에어로빅,래프팅,4,저녁
U1035,에어로빅,스쿠버다이빙,4,오전
U1036,에어로빅,프리다이빙,5,저녁
U1037,에어로빅,스노보드,1,오전
U1038,에어로빅,스키,1,오후
U1039,에어로빅,암벽등반,1,저녁
U1040,에어로빅,볼더링,2,저녁
U1041,에어로빅,산악자전거,4,오후
U1042,에어로빅,스케이트보드,4,저녁
U1043,에어로빅,BMX,2,오후
U1044,에어로빅,오프로드바이크,3,저녁
U1045,에어로빅,카트레이싱,3,오전
U1046,에어로빅,드리프트,2,저녁
U1047,에어로빅,모터크로스,1,저녁
U1048,에어로빅,패들보드,3,오전
U1049,에어로빅,집라인,1,오전
U1050,에어로빅,패러슈트글라이딩,4,오전
U1051,에어로빅,스피드스케이팅,4,저녁
U1052,에어로빅,헬스,3,오후
U1053,에어로빅,웨이트트레이닝,5,오후
U1054,에어로빅,요가,4,저녁
U1055,에어로빅,필라테스,1,오후
U1056,에어로빅,크로스핏,2,오후
U1057,에어로빅,스피닝,1,저녁
U1058,에어로빅,줌바댄스,2,오후
U1059,에어로빅,홈트레이닝,5,오전
U1060,에어로빅,PT,2,저녁
U1061,에어로빅,바디펌프,4,저녁
U1062,에어로빅,스트레칭,3,오전
U1063,에어로빅,서킷트레이닝,3,오전
U1064,에어로빅,태보,3,저녁
U1065,에어로빅,케틀벨운동,4,저녁
U1066,에어로빅,맨몸운동,4,오전
U1067,에어로빅,파워리프팅,1,오전
U1068,에어로빅,덤벨운동,1,오후
U1069,에어로빅,유연성운동,3,오후
U1070,에어로빅,코어운동,1,오후
U1071,에어로빅,체형교정운동,1,저녁
U1072,에어로빅,TRX,3,오전
U1073,에어로빅,밴드운동,2,저녁
U1074,에어로빅,요가플로우,5,오전
U1075,노르딕워킹,파워워킹,1,저녁
U1076,노르딕워킹,줄넘기,2,저녁
U1077,노르딕워킹,인라인스케이팅,3,저녁
U1078,노르딕워킹,스피닝,2,저녁
U1079,노르딕워킹,계단오르기,1,오후
U1080,노르딕워킹,킥보드,3,오후
U1081,노르딕워킹,러닝머신,4,오전
U1082,노르딕워킹,크로스컨트리스키,3,오후
U1083,노르딕워킹,조정,4,오전
U1084,노르딕워킹,트램폴린점프,1,저녁
U1085,노르딕워킹,댄스에어로빅,2,저녁
U1086,노르딕워킹,축구,3,오후
U1087,노르딕워킹,풋살,5,저녁
U1088,노르딕워킹,농구,5,오후
U1089,노르딕워킹,야구,2,저녁
U1090,노르딕워킹,소프트볼,3,오후
U1091,노르딕워킹,배구,4,오전
U1092,노르딕워킹,배드민턴,5,저녁
U1093,노르딕워킹,테니스,5,저녁
U1094,노르딕워킹,탁구,2,저녁
U1095,노르딕워킹,하키,3,오후
U1096,노르딕워킹,볼링,3,오전
U1097,노르딕워킹,스쿼시,2,저녁
U1098,노르딕워킹,라켓볼,2,오전
U1099,노르딕워킹,피구,4,오전
U1100,노르딕워킹,크리켓,1,오전
U1101,노르딕워킹,골프,1,오전
U1102,노르딕워킹,당구,1,오전
U1103,노르딕워킹,핸드볼,3,저녁
U1104,노르딕워킹,족구,5,오전
U1105,노르딕워킹,플로어볼,4,저녁
U1106,노르딕워킹,럭비,2,오후
U1107,노르딕워킹,비치발리볼,1,오전
U1108,노르딕워킹,게이트볼,4,오전
U1109,노르딕워킹,세팍타크로,4,오후
U1110,노르딕워킹,번지점프,3,오후
U1111,노르딕워킹,패러글라이딩,3,오전
U1112,노르딕워킹,스카이다이빙,5,오전
U1113,노르딕워킹,서핑,1,저녁
U1114,노르딕워킹,윈드서핑,3,저녁
U1115,노르딕워킹,카약,1,오후
U1116,노르딕워킹,카누,5,오후
U1117,노르딕워킹,래프팅,5,오전
U1118,노르딕워킹,스쿠버다이빙,4,오전
U1119,노르딕워킹,프리다이빙,1,오전
U1120,노르딕워킹,스노보드,1,오후
U1121,노르딕워킹,스키,4,오후
U1122,노르딕워킹,암벽등반,4,오전
U1123,노르딕워킹,볼더링,4,오후
U1124,노르딕워킹,산악자전거,3,오전
U1125,노르딕워킹,스케이트보드,5,오후
U1126,노르딕워킹,BMX,4,오전
U1127,노르딕워킹,오프로드바이크,2,저녁
U1128,노르딕워킹,카트레이싱,1,오후
U1129,노르딕워킹,드리프트,1,오후
U1130,노르딕워킹,모터크로스,3,오후
U1131,노르딕워킹,패들보드,3,오후
U1132,노르딕워킹,집라인,2,저녁
U1133,노르딕워킹,패러슈트글라이딩,3,오전
U1134,노르딕워킹,스피드스케이팅,1,저녁
U1135,노르딕워킹,헬스,2,오전
U1136,노르딕워킹,웨이트트레이닝,4,오후
U1137,노르딕워킹,요가,1,오후
U1138,노르딕워킹,필라테스,3,오후
U1139,노르딕워킹,크로스핏,5,오후
U1140,노르딕워킹,스피닝,4,오후
U1141,노르딕워킹,줌바댄스,3,저녁
U1142,노르딕워킹,홈트레이닝,5,오전
U1143,노르딕워킹,PT,3,오후
U1144,노르딕워킹,바디펌프,5,오전
U1145,노르딕워킹,스트레칭,1,오전
U1146,노르딕워킹,서킷트레이닝,5,오후
U1147,노르딕워킹,태보,5,저녁
U1148,노르딕워킹,케틀벨운동,4,저녁
U1149,노르딕워킹,맨몸운동,1,저녁
U1150,노르딕워킹,파워리프팅,4,오후
U1151,노르딕워킹,덤벨운동,2,저녁
U1152,노르딕워킹,유연성운동,3,오전
U1153,노르딕워킹,코어운동,3,저녁
U1154,노르딕워킹,체형교정운동,4,저녁
U1155,노르딕워킹,TRX,3,오전
U1156,노르딕워킹,밴드운동,2,저녁
U1157,노르딕워킹,요가플로우,1,저녁
U1158,파워워킹,줄넘기,4,오전
U1159,파워워킹,인라인스케이팅,3,오후
U1160,파워워킹,스피닝,2,오후
U1161,파워워킹,계단오르기,1,저녁
U1162,파워워킹,킥보드,3,오후
U1163,파워워킹,러닝머신,3,오전
U1164,파워워킹,크로스컨트리스키,2,오후
U1165,파워워킹,조정,3,저녁
U1166,파워워킹,트램폴린점프,3,오후
U1167,파워워킹,댄스에어로빅,5,저녁
U1168,파워워킹,축구,5,오전
U1169,파워워킹,풋살,2,오후
U1170,파워워킹,농구,3,오후
U1171,파워워킹,야구,5,오전
U1172,파워워킹,소프트볼,5,저녁
U1173,파워워킹,배구,4,저녁
U1174,파워워킹,배드민턴,5,오후
U1175,파워워킹,테니스,1,오후
U1176,파워워킹,탁구,3,오후
U1177,파워워킹,하키,5,저녁
U1178,파워워킹,볼링,5,오전
U1179,파워워킹,스쿼시,2,오전
U1180,파워워킹,라켓볼,1,저녁
U1181,파워워킹,피구,1,오후
U1182,파워워킹,크리켓,2,저녁
U1183,파워워킹,골프,2,오후
U1184,파워워킹,당구,5,오전
U1185,파워워킹,핸드볼,1,오후
U1186,파워워킹,족구,2,오전
U1187,파워워킹,플로어볼,3,오후
U1188,파워워킹,럭비,2,오전
U1189,파워워킹,비치발리볼,2,오후
U1190,파워워킹,게이트볼,1,저녁
U1191,파워워킹,세팍타크로,3,저녁
U1192,파워워킹,번지점프,2,저녁
U1193,파워워킹,패러글라이딩,5,저녁
U1194,파워워킹,스카이다이빙,4,오후
U1195,파워워킹,서핑,2,저녁
U1196,파워워킹,윈드서핑,2,오후
U1197,파워워킹,카약,3,저녁
U1198,파워워킹,카누,4,오후
U1199,파워워킹,래프팅,1,저녁
U1200,파워워킹,스쿠버다이빙,2,저녁
U1201,파워워킹,프리다이빙,2,오후
U1202,파워워킹,스노보드,4,오전
U1203,파워워킹,스키,4,오후
U1204,파워워킹,암벽등반,5,오전
U1205,파워워킹,볼더링,2,오후
U1206,파워워킹,산악자전거,5,오후
U1207,파워워킹,스케이트보드,5,저녁
U1208,파워워킹,BMX,3,오전
U1209,파워워킹,오프로드바이크,2,오후
U1210,파워워킹,카트레이싱,1,오후
U1211,파워워킹,드리프트,4,오전
U1212,파워워킹,모터크로스,2,오전
U1213,파워워킹,패들보드,2,오전
U1214,파워워킹,집라인,3,오후
U1215,파워워킹,패러슈트글라이딩,5,저녁
U1216,파워워킹,스피드스케이팅,3,오전
U1217,파워워킹,헬스,4,오전
U1218,파워워킹,웨이트트레이닝,5,오후
U1219,파워워킹,요가,1,오전
U1220,파워워킹,필라테스,1,오전
U1221,파워워킹,크로스핏,5,오후
U1222,파워워킹,스피닝,1,오후
U1223,파워워킹,줌바댄스,5,오전
U1224,파워워킹,홈트레이닝,5,저녁
U1225,파워워킹,PT,1,오후
U1226,파워워킹,바디펌프,2,저녁
U1227,파워워킹,스트레칭,3,저녁
U1228,파워워킹,서킷트레이닝,1,오전
U1229,파워워킹,태보,3,오후
U1230,파워워킹,케틀벨운동,4,오전
U1231,파워워킹,맨몸운동,5,오후
U1232,파워워킹,파워리프팅,5,오전
U1233,파워워킹,덤벨운동,1,저녁
U1234,파워워킹,유연성운동,5,저녁
U1235,파워워킹,코어운동,1,오전
U1236,파워워킹,체형교정운동,4,오후
U1237,파워워킹,TRX,4,저녁
U1238,파워워킹,밴드운동,5,오전
U1239,파워워킹,요가플로우,4,오전
U1240,줄넘기,인라인스케이팅,3,오전
U1241,줄넘기,스피닝,5,오전
U1242,줄넘기,계단오르기,1,오전
U1243,줄넘기,킥보드,2,오후
U1244,줄넘기,러닝머신,4,저녁
U1245,줄넘기,크로스컨트리스키,1,오후
U1246,줄넘기,조정,2,오전
U1247,줄넘기,트램폴린점프,1,저녁
U1248,줄넘기,댄스에어로빅,1,오후
U1249,줄넘기,축구,4,오전
U1250,줄넘기,풋살,4,저녁
U1251,줄넘기,농구,2,오후
U1252,줄넘기,야구,2,오후
U1253,줄넘기,소프트볼,5,오전
U1254,줄넘기,배구,5,오후
U1255,줄넘기,배드민턴,2,오전
U1256,줄넘기,테니스,5,저녁
U1257,줄넘기,탁구,3,오전
U1258,줄넘기,하키,3,오후
U1259,줄넘기,볼링,4,오전
U1260,줄넘기,스쿼시,1,오전
U1261,줄넘기,라켓볼,2,오전
U1262,줄넘기,피구,2,오전
U1263,줄넘기,크리켓,2,저녁
U1264,줄넘기,골프,3,저녁
U1265,줄넘기,당구,1,저녁
U1266,줄넘기,핸드볼,3,저녁
U1267,줄넘기,족구,5,저녁
U1268,줄넘기,플로어볼,3,저녁
U1269,줄넘기,럭비,1,오후
U1270,줄넘기,비치발리볼,3,오후
U1271,줄넘기,게이트볼,2,오전
U1272,줄넘기,세팍타크로,3,오전
U1273,줄넘기,번지점프,3,저녁
U1274,줄넘기,패러글라이딩,3,저녁
U1275,줄넘기,스카이다이빙,3,오전
U1276,줄넘기,서핑,2,오전
U1277,줄넘기,윈드서핑,2,오후
U1278,줄넘기,카약,3,저녁
U1279,줄넘기,카누,1,오전
U1280,줄넘기,래프팅,2,저녁
U1281,줄넘기,스쿠버다이빙,5,오후
U1282,줄넘기,프리다이빙,2,저녁
U1283,줄넘기,스노보드,4,오전
U1284,줄넘기,스키,2,오후
U1285,줄넘기,암벽등반,4,오후
U1286,줄넘기,볼더링,5,오전
U1287,줄넘기,산악자전거,5,저녁
U1288,줄넘기,스케이트보드,4,저녁
U1289,줄넘기,BMX,4,오전
U1290,줄넘기,오프로드바이크,1,저녁
U1291,줄넘기,카트레이싱,2,저녁
U1292,줄넘기,드리프트,2,오후
U1293,줄넘기,모터크로스,1,오후
U1294,줄넘기,패들보드,5,저녁
U1295,줄넘기,집라인,2,오후
U1296,줄넘기,패러슈트글라이딩,4,오전
U1297,줄넘기,스피드스케이팅,4,오후
U1298,줄넘기,헬스,5,저녁
U1299,줄넘기,웨이트트레이닝,1,저녁
U1300,줄넘기,요가,3,오전
U1301,줄넘기,필라테스,4,오전
U1302,줄넘기,크로스핏,3,저녁
U1303,줄넘기,스피닝,5,저녁
U1304,줄넘기,줌바댄스,3,저녁
U1305,줄넘기,홈트레이닝,2,오후
U1306,줄넘기,PT,1,저녁
U1307,줄넘기,바디펌프,5,저녁
U1308,줄넘기,스트레칭,1,저녁
U1309,줄넘기,서킷트레이닝,2,오후
U1310,줄넘기,태보,2,오전
U1311,줄넘기,케틀벨운동,1,오후
U1312,줄넘기,맨몸운동,5,오전
U1313,줄넘기,파워리프팅,5,오전
U1314,줄넘기,덤벨운동,2,저녁
U1315,줄넘기,유연성운동,1,저녁
U1316,줄넘기,코어운동,3,오전
U1317,줄넘기,체형교정운동,1,오후
U1318,줄넘기,TRX,5,오전
U1319,줄넘기,밴드운동,3,저녁
U1320,줄넘기,요가플로우,4,오전
U1321,인라인스케이팅,스피닝,4,오전
U1322,인라인스케이팅,계단오르기,3,오전
U1323,인라인스케이팅,킥보드,1,오후
U1324,인라인스케이팅,러닝머신,5,오전
U1325,인라인스케이팅,크로스컨트리스키,2,오전
U1326,인라인스케이팅,조정,2,오후
U1327,인라인스케이팅,트램폴린점프,3,저녁
U1328,인라인스케이팅,댄스에어로빅,5,저녁
U1329,인라인스케이팅,축구,4,오전
U1330,인라인스케이팅,풋살,3,오후
U1331,인라인스케이팅,농구,3,저녁
U1332,인라인스케이팅,야구,1,오전
U1333,인라인스케이팅,소프트볼,3,저녁
U1334,인라인스케이팅,배구,5,저녁
U1335,인라인스케이팅,배드민턴,5,오후
U1336,인라인스케이팅,테니스,5,저녁
U1337,인라인스케이팅,탁구,2,저녁
U1338,인라인스케이팅,하키,1,오후
U1339,인라인스케이팅,볼링,5,오전
U1340,인라인스케이팅,스쿼시,2,오전
U1341,인라인스케이팅,라켓볼,5,오전
U1342,인라인스케이팅,피구,5,오전
U1343,인라인스케이팅,크리켓,1,오전
U1344,인라인스케이팅,골프,1,저녁
U1345,인라인스케이팅,당구,5,오전
U1346,인라인스케이팅,핸드볼,3,오전
U1347,인라인스케이팅,족구,1,저녁
U1348,인라인스케이팅,플로어볼,3,오전
U1349,인라인스케이팅,럭비,4,오전
U1350,인라인스케이팅,비치발리볼,1,저녁
U1351,인라인스케이팅,게이트볼,2,오후
U1352,인라인스케이팅,세팍타크로,4,오후
U1353,인라인스케이팅,번지점프,5,오후
U1354,인라인스케이팅,패러글라이딩,4,오전
U1355,인라인스케이팅,스카이다이빙,1,저녁
U1356,인라인스케이팅,서핑,1,오후
U1357,인라인스케이팅,윈드서핑,3,저녁
U1358,인라인스케이팅,카약,2,오후
U1359,인라인스케이팅,카누,2,저녁
U1360,인라인스케이팅,래프팅,2,오전
U1361,인라인스케이팅,스쿠버다이빙,5,오후
U1362,인라인스케이팅,프리다이빙,2,저녁
U1363,인라인스케이팅,스노보드,4,오전
U1364,인라인스케이팅,스키,2,저녁
U1365,인라인스케이팅,암벽등반,3,저녁
U1366,인라인스케이팅,볼더링,4,오전
U1367,인라인스케이팅,산악자전거,2,오전
U1368,인라인스케이팅,스케이트보드,5,오후
U1369,인라인스케이팅,BMX,3,오전
U1370,인라인스케이팅,오프로드바이크,5,오후
U1371,인라인스케이팅,카트레이싱,2,오전
U1372,인라인스케이팅,드리프트,4,오전
U1373,인라인스케이팅,모터크로스,2,오후
U1374,인라인스케이팅,패들보드,5,오전
U1375,인라인스케이팅,집라인,3,오전
U1376,인라인스케이팅,패러슈트글라이딩,5,저녁
U1377,인라인스케이팅,스피드스케이팅,2,저녁
U1378,인라인스케이팅,헬스,3,저녁
U1379,인라인스케이팅,웨이트트레이닝,4,오후
U1380,인라인스케이팅,요가,4,오전
U1381,인라인스케이팅,필라테스,5,오전
U1382,인라인스케이팅,크로스핏,5,저녁
U1383,인라인스케이팅,스피닝,5,저녁
U1384,인라인스케이팅,줌바댄스,2,오후
U1385,인라인스케이팅,홈트레이닝,1,저녁
U1386,인라인스케이팅,PT,2,저녁
U1387,인라인스케이팅,바디펌프,3,오후
U1388,인라인스케이팅,스트레칭,4,오후
U1389,인라인스케이팅,서킷트레이닝,3,저녁
U1390,인라인스케이팅,태보,4,저녁
U1391,인라인스케이팅,케틀벨운동,5,오전
U1392,인라인스케이팅,맨몸운동,1,오후
U1393,인라인스케이팅,파워리프팅,3,오전
U1394,인라인스케이팅,덤벨운동,5,저녁
U1395,인라인스케이팅,유연성운동,4,오후
U1396,인라인스케이팅,코어운동,4,저녁
U1397,인라인스케이팅,체형교정운동,1,오후
U1398,인라인스케이팅,TRX,4,오후
U1399,인라인스케이팅,밴드운동,3,오후
U1400,인라인스케이팅,요가플로우,2,저녁
U1401,스피닝,계단오르기,4,오후
U1402,스피닝,킥보드,5,저녁
U1403,스피닝,러닝머신,3,오전
U1404,스피닝,크로스컨트리스키,3,저녁
U1405,스피닝,조정,2,오전
U1406,스피닝,트램폴린점프,2,저녁
U1407,스피닝,댄스에어로빅,4,저녁
U1408,스피닝,축구,5,오전
U1409,스피닝,풋살,1,오전
U1410,스피닝,농구,4,오전
U1411,스피닝,야구,1,오후
U1412,스피닝,소프트볼,3,오후
U1413,스피닝,배구,1,오후
U1414,스피닝,배드민턴,3,오후
U1415,스피닝,테니스,5,오후
U1416,스피닝,탁구,4,오후
U1417,스피닝,하키,5,오후
U1418,스피닝,볼링,1,오전
U1419,스피닝,스쿼시,5,오후
U1420,스피닝,라켓볼,3,오전
U1421,스피닝,피구,3,오전
U1422,스피닝,크리켓,5,저녁
U1423,스피닝,골프,4,오전
U1424,스피닝,당구,3,저녁
U1425,스피닝,핸드볼,2,오전
U1426,스피닝,족구,5,저녁
U1427,스피닝,플로어볼,4,오전
U1428,스피닝,럭비,4,저녁
U1429,스피닝,비치발리볼,1,저녁
U1430,스피닝,게이트볼,4,저녁
U1431,스피닝,세팍타크로,1,저녁
U1432,스피닝,번지점프,1,오전
U1433,스피닝,패러글라이딩,4,저녁
U1434,스피닝,스카이다이빙,2,오전
U1435,스피닝,서핑,4,저녁
U1436,스피닝,윈드서핑,1,오전
U1437,스피닝,카약,4,오후
U1438,스피닝,카누,3,오후
U1439,스피닝,래프팅,2,오후
U1440,스피닝,스쿠버다이빙,3,오전
U1441,스피닝,프리다이빙,1,저녁
U1442,스피닝,스노보드,4,오전
U1443,스피닝,스키,5,오후
U1444,스피닝,암벽등반,2,저녁
U1445,스피닝,볼더링,2,저녁
U1446,스피닝,산악자전거,3,오전
U1447,스피닝,스케이트보드,3,오후
U1448,스피닝,BMX,4,오후
U1449,스피닝,오프로드바이크,3,저녁
U1450,스피닝,카트레이싱,4,저녁
U1451,스피닝,드리프트,5,오후
U1452,스피닝,모터크로스,4,오전
U1453,스피닝,패들보드,1,오전
U1454,스피닝,집라인,4,오후
U1455,스피닝,패러슈트글라이딩,4,오전
U1456,스피닝,스피드스케이팅,2,저녁
U1457,스피닝,헬스,5,오전
U1458,스피닝,웨이트트레이닝,2,저녁
U1459,스피닝,요가,3,저녁
U1460,스피닝,필라테스,5,오전
U1461,스피닝,크로스핏,5,오전
U1462,스피닝,스피닝,3,오후
U1463,스피닝,줌바댄스,4,저녁
U1464,스피닝,홈트레이닝,3,저녁
U1465,스피닝,PT,1,저녁
U1466,스피닝,바디펌프,3,오전
U1467,스피닝,스트레칭,4,저녁
U1468,스피닝,서킷트레이닝,1,오후
U1469,스피닝,태보,3,오전
U1470,스피닝,케틀벨운동,5,오후
U1471,스피닝,맨몸운동,4,오후
U1472,스피닝,파워리프팅,1,오전
U1473,스피닝,덤벨운동,3,오전
U1474,스피닝,유연성운동,2,오전
U1475,스피닝,코어운동,5,저녁
U1476,스피닝,체형교정운동,4,오후
U1477,스피닝,TRX,2,오전
U1478,스피닝,밴드운동,4,오전
U1479,스피닝,요가플로우,1,오전
U1480,계단오르기,킥보드,1,오후
U1481,계단오르기,러닝머신,2,오전
U1482,계단오르기,크로스컨트리스키,1,저녁
U1483,계단오르기,조정,1,오전
U1484,계단오르기,트램폴린점프,1,오후
U1485,계단오르기,댄스에어로빅,3,오전
U1486,계단오르기,축구,5,오전
U1487,계단오르기,풋살,2,오전
U1488,계단오르기,농구,5,오후
U1489,계단오르기,야구,4,오전
U1490,계단오르기,소프트볼,2,저녁
U1491,계단오르기,배구,5,오전
U1492,계단오르기,배드민턴,5,저녁
U1493,계단오르기,테니스,1,오전
U1494,계단오르기,탁구,5,오후
U1495,계단오르기,하키,2,저녁
U1496,계단오르기,볼링,1,저녁
U1497,계단오르기,스쿼시,2,오후
U1498,계단오르기,라켓볼,2,오전
U1499,계단오르기,피구,2,오후
U1500,계단오르기,크리켓,3,저녁
U1501,계단오르기,골프,2,저녁
U1502,계단오르기,당구,4,오후
U1503,계단오르기,핸드볼,1,오후
U1504,계단오르기,족구,4,저녁
U1505,계단오르기,플로어볼,3,오전
U1506,계단오르기,럭비,4,오전
U1507,계단오르기,비치발리볼,3,저녁
U1508,계단오르기,게이트볼,4,오전
U1509,계단오르기,세팍타크로,1,저녁
U1510,계단오르기,번지점프,2,오후
U1511,계단오르기,패러글라이딩,3,오후
U1512,계단오르기,스카이다이빙,4,오후
U1513,계단오르기,서핑,4,오후
U1514,계단오르기,윈드서핑,5,저녁
U1515,계단오르기,카약,1,오후
U1516,계단오르기,카누,5,저녁
U1517,계단오르기,래프팅,3,오후
U1518,계단오르기,스쿠버다이빙,3,오전
U1519,계단오르기,프리다이빙,2,오전
U1520,계단오르기,스노보드,1,저녁
U1521,계단오르기,스키,2,오전
U1522,계단오르기,암벽등반,2,저녁
U1523,계단오르기,볼더링,4,오후
U1524,계단오르기,산악자전거,3,오후
U1525,계단오르기,스케이트보드,1,오후
U1526,계단오르기,BMX,1,오후
U1527,계단오르기,오프로드바이크,5,오후
U1528,계단오르기,카트레이싱,1,저녁
U1529,계단오르기,드리프트,5,오전
U1530,계단오르기,모터크로스,3,오전
U1531,계단오르기,패들보드,3,오후
U1532,계단오르기,집라인,1,오전
U1533,계단오르기,패러슈트글라이딩,5,저녁
U1534,계단오르기,스피드스케이팅,4,오후
U1535,계단오르기,헬스,4,오전
U1536,계단오르기,웨이트트레이닝,2,저녁
U1537,계단오르기,요가,5,오전
U1538,계단오르기,필라테스,4,저녁
U1539,계단오르기,크로스핏,1,저녁
U1540,계단오르기,스피닝,3,저녁
U1541,계단오르기,줌바댄스,2,오후
U1542,계단오르기,홈트레이닝,5,오전
U1543,계단오르기,PT,3,오후
U1544,계단오르기,바디펌프,5,오전
U1545,계단오르기,스트레칭,2,오전
U1546,계단오르기,서킷트레이닝,2,저녁
U1547,계단오르기,태보,5,저녁
U1548,계단오르기,케틀벨운동,2,오전
U1549,계단오르기,맨몸운동,2,오전
U1550,계단오르기,파워리프팅,2,오후
U1551,계단오르기,덤벨운동,5,저녁
U1552,계단오르기,유연성운동,2,오전
U1553,계단오르기,코어운동,4,오후
U1554,계단오르기,체형교정운동,2,오후
U1555,계단오르기,TRX,3,저녁
U1556,계단오르기,밴드운동,3,오후
U1557,계단오르기,요가플로우,2,오전
U1558,킥보드,러닝머신,3,오전
U1559,킥보드,크로스컨트리스키,4,오후
U1560,킥보드,조정,1,저녁
U1561,킥보드,트램폴린점프,4,오후
U1562,킥보드,댄스에어로빅,3,저녁
U1563,킥보드,축구,4,오후
U1564,킥보드,풋살,5,저녁
U1565,킥보드,농구,3,오후
U1566,킥보드,야구,4,저녁
U1567,킥보드,소프트볼,1,오전
U1568,킥보드,배구,4,오후
U1569,킥보드,배드민턴,4,오전
U1570,킥보드,테니스,4,오후
U1571,킥보드,탁구,2,오전
U1572,킥보드,하키,4,오후
U1573,킥보드,볼링,3,오후
U1574,킥보드,스쿼시,4,오전
U1575,킥보드,라켓볼,5,저녁
U1576,킥보드,피구,3,오전
U1577,킥보드,크리켓,1,오후
U1578,킥보드,골프,4,오후
U1579,킥보드,당구,4,저녁
U1580,킥보드,핸드볼,5,오전
U1581,킥보드,족구,2,저녁
U1582,킥보드,플로어볼,3,오후
U1583,킥보드,럭비,4,저녁
U1584,킥보드,비치발리볼,3,저녁
U1585,킥보드,게이트볼,2,오전
U1586,킥보드,세팍타크로,1,오전
U1587,킥보드,번지점프,1,오전
U1588,킥보드,패러글라이딩,4,저녁
U1589,킥보드,스카이다이빙,2,오후
U1590,킥보드,서핑,2,오전
U1591,킥보드,윈드서핑,2,오후
U1592,킥보드,카약,2,저녁
U1593,킥보드,카누,1,저녁
U1594,킥보드,래프팅,2,오전
U1595,킥보드,스쿠버다이빙,2,오후
U1596,킥보드,프리다이빙,2,저녁
U1597,킥보드,스노보드,3,오후
U1598,킥보드,스키,2,저녁
U1599,킥보드,암벽등반,2,오후
U1600,킥보드,볼더링,5,오후
U1601,킥보드,산악자전거,2,저녁
U1602,킥보드,스케이트보드,2,저녁
U1603,킥보드,BMX,4,오후
U1604,킥보드,오프로드바이크,3,오전
U1605,킥보드,카트레이싱,5,오전
U1606,킥보드,드리프트,3,오전
U1607,킥보드,모터크로스,2,저녁
U1608,킥보드,패들보드,2,오후
U1609,킥보드,집라인,3,오전
U1610,킥보드,패러슈트글라이딩,2,오후
U1611,킥보드,스피드스케이팅,4,오전
U1612,킥보드,헬스,1,저녁
U1613,킥보드,웨이트트레이닝,5,오후
U1614,킥보드,요가,2,오후
U1615,킥보드,필라테스,1,오전
U1616,킥보드,크로스핏,3,오전
U1617,킥보드,스피닝,5,오전
U1618,킥보드,줌바댄스,4,저녁
U1619,킥보드,홈트레이닝,3,저녁
U1620,킥보드,PT,2,오전
U1621,킥보드,바디펌프,1,오후
U1622,킥보드,스트레칭,1,저녁
U1623,킥보드,서킷트레이닝,2,오전
U1624,킥보드,태보,4,오후
U1625,킥보드,케틀벨운동,5,오후
U1626,킥보드,맨몸운동,3,오후
U1627,킥보드,파워리프팅,5,오후
U1628,킥보드,덤벨운동,3,오전
U1629,킥보드,유연성운동,4,오전
U1630,킥보드,코어운동,5,오전
U1631,킥보드,체형교정운동,5,오후
U1632,킥보드,TRX,5,오후
U1633,킥보드,밴드운동,5,오전
U1634,킥보드,요가플로우,1,오전
U1635,러닝머신,크로스컨트리스키,2,오전
U1636,러닝머신,조정,5,오후
U1637,러닝머신,트램폴린점프,2,오후
U1638,러닝머신,댄스에어로빅,5,저녁
U1639,러닝머신,축구,2,오후
U1640,러닝머신,풋살,5,저녁
U1641,러닝머신,농구,1,저녁
U1642,러닝머신,야구,5,오후
U1643,러닝머신,소프트볼,5,오후
U1644,러닝머신,배구,5,저녁
U1645,러닝머신,배드민턴,4,오전
U1646,러닝머신,테니스,1,오전
U1647,러닝머신,탁구,5,오전
U1648,러닝머신,하키,1,저녁
U1649,러닝머신,볼링,2,저녁
U1650,러닝머신,스쿼시,2,오후
U1651,러닝머신,라켓볼,4,오전
U1652,러닝머신,피구,3,오후
U1653,러닝머신,크리켓,3,저녁
U1654,러닝머신,골프,4,오전
U1655,러닝머신,당구,1,오후
U1656,러닝머신,핸드볼,5,오후
U1657,러닝머신,족구,2,오전
U1658,러닝머신,플로어볼,2,오후
U1659,러닝머신,럭비,3,오후
U1660,러닝머신,비치발리볼,3,오후
U1661,러닝머신,게이트볼,2,저녁
U1662,러닝머신,세팍타크로,4,오후
U1663,러닝머신,번지점프,4,저녁
U1664,러닝머신,패러글라이딩,5,오전
U1665,러닝머신,스카이다이빙,5,오전
U1666,러닝머신,서핑,2,오전
U1667,러닝머신,윈드서핑,3,오후
U1668,러닝머신,카약,1,오후
U1669,러닝머신,카누,1,오전
U1670,러닝머신,래프팅,3,오전
U1671,러닝머신,스쿠버다이빙,5,저녁
U1672,러닝머신,프리다이빙,5,저녁
U1673,러닝머신,스노보드,1,오후
U1674,러닝머신,스키,4,저녁
U1675,러닝머신,암벽등반,1,오후
U1676,러닝머신,볼더링,2,오전
U1677,러닝머신,산악자전거,1,저녁
U1678,러닝머신,스케이트보드,3,저녁
U1679,러닝머신,BMX,4,오후
U1680,러닝머신,오프로드바이크,5,오후
U1681,러닝머신,카트레이싱,4,오후
U1682,러닝머신,드리프트,3,저녁
U1683,러닝머신,모터크로스,3,오후
U1684,러닝머신,패들보드,1,오전
U1685,러닝머신,집라인,3,오후
U1686,러닝머신,패러슈트글라이딩,1,오전
U1687,러닝머신,스피드스케이팅,4,오후
U1688,러닝머신,헬스,1,저녁
U1689,러닝머신,웨이트트레이닝,1,오전
U1690,러닝머신,요가,1,오전
U1691,러닝머신,필라테스,1,오전
U1692,러닝머신,크로스핏,5,오후
U1693,러닝머신,스피닝,5,오후
U1694,러닝머신,줌바댄스,5,저녁
U1695,러닝머신,홈트레이닝,2,오전
U1696,러닝머신,PT,5,저녁
U1697,러닝머신,바디펌프,3,오전
U1698,러닝머신,스트레칭,3,저녁
U1699,러닝머신,서킷트레이닝,4,오전
U1700,러닝머신,태보,3,오전
U1701,러닝머신,케틀벨운동,2,저녁
U1702,러닝머신,맨몸운동,5,저녁
U1703,러닝머신,파워리프팅,3,오후
U1704,러닝머신,덤벨운동,2,저녁
U1705,러닝머신,유연성운동,4,오전
U1706,러닝머신,코어운동,5,오전
U1707,러닝머신,체형교정운동,4,오후
U1708,러닝머신,TRX,2,오후
U1709,러닝머신,밴드운동,3,저녁
U1710,러닝머신,요가플로우,2,오후
U1711,크로스컨트리스키,조정,1,오후
U1712,크로스컨트리스키,트램폴린점프,1,오전
U1713,크로스컨트리스키,댄스에어로빅,3,오후
U1714,크로스컨트리스키,축구,5,오후
U1715,크로스컨트리스키,풋살,1,저녁
U1716,크로스컨트리스키,농구,4,오전
U1717,크로스컨트리스키,야구,4,오전
U1718,크로스컨트리스키,소프트볼,2,저녁
U1719,크로스컨트리스키,배구,5,저녁
U1720,크로스컨트리스키,배드민턴,3,오후
U1721,크로스컨트리스키,테니스,4,저녁
U1722,크로스컨트리스키,탁구,5,오후
U1723,크로스컨트리스키,하키,4,저녁
U1724,크로스컨트리스키,볼링,1,오후
U1725,크로스컨트리스키,스쿼시,4,저녁
U1726,크로스컨트리스키,라켓볼,5,저녁
U1727,크로스컨트리스키,피구,2,오전
U1728,크로스컨트리스키,크리켓,5,오전
U1729,크로스컨트리스키,골프,3,오후
U1730,크로스컨트리스키,당구,2,오전
U1731,크로스컨트리스키,핸드볼,5,저녁
U1732,크로스컨트리스키,족구,4,오전
U1733,크로스컨트리스키,플로어볼,2,저녁
U1734,크로스컨트리스키,럭비,3,오전
U1735,크로스컨트리스키,비치발리볼,5,오전
U1736,크로스컨트리스키,게이트볼,5,오전
U1737,크로스컨트리스키,세팍타크로,5,오전
U1738,크로스컨트리스키,번지점프,4,오후
U1739,크로스컨트리스키,패러글라이딩,2,오전
U1740,크로스컨트리스키,스카이다이빙,5,저녁
U1741,크로스컨트리스키,서핑,4,저녁
U1742,크로스컨트리스키,윈드서핑,3,오전
U1743,크로스컨트리스키,카약,4,오후
U1744,크로스컨트리스키,카누,2,오전
U1745,크로스컨트리스키,래프팅,2,오전
U1746,크로스컨트리스키,스쿠버다이빙,2,저녁
U1747,크로스컨트리스키,프리다이빙,1,저녁
U1748,크로스컨트리스키,스노보드,5,오전
U1749,크로스컨트리스키,스키,4,저녁
U1750,크로스컨트리스키,암벽등반,4,오전
U1751,크로스컨트리스키,볼더링,1,오전
U1752,크로스컨트리스키,산악자전거,4,저녁
U1753,크로스컨트리스키,스케이트보드,1,저녁
U1754,크로스컨트리스키,BMX,5,오후
U1755,크로스컨트리스키,오프로드바이크,3,오후
U1756,크로스컨트리스키,카트레이싱,4,오후
U1757,크로스컨트리스키,드리프트,3,오전
U1758,크로스컨트리스키,모터크로스,2,오후
U1759,크로스컨트리스키,패들보드,3,오후
U1760,크로스컨트리스키,집라인,1,저녁
U1761,크로스컨트리스키,패러슈트글라이딩,1,저녁
U1762,크로스컨트리스키,스피드스케이팅,2,오후
U1763,크로스컨트리스키,헬스,3,오후
U1764,크로스컨트리스키,웨이트트레이닝,3,저녁
U1765,크로스컨트리스키,요가,5,저녁
U1766,크로스컨트리스키,필라테스,2,오후
U1767,크로스컨트리스키,크로스핏,3,오전
U1768,크로스컨트리스키,스피닝,1,저녁
U1769,크로스컨트리스키,줌바댄스,2,오후
U1770,크로스컨트리스키,홈트레이닝,5,오후
U1771,크로스컨트리스키,PT,1,오후
U1772,크로스컨트리스키,바디펌프,1,저녁
U1773,크로스컨트리스키,스트레칭,4,저녁
U1774,크로스컨트리스키,서킷트레이닝,3,오후
U1775,크로스컨트리스키,태보,5,오후
U1776,크로스컨트리스키,케틀벨운동,4,오전
U1777,크로스컨트리스키,맨몸운동,3,저녁
U1778,크로스컨트리스키,파워리프팅,5,저녁
U1779,크로스컨트리스키,덤벨운동,1,오전
U1780,크로스컨트리스키,유연성운동,2,오후
U1781,크로스컨트리스키,코어운동,5,저녁
U1782,크로스컨트리스키,체형교정운동,2,오후
U1783,크로스컨트리스키,TRX,3,오후
U1784,크로스컨트리스키,밴드운동,1,오후
U1785,크로스컨트리스키,요가플로우,3,오후
U1786,조정,트램폴린점프,5,오전
U1787,조정,댄스에어로빅,5,오후
U1788,조정,축구,1,저녁
U1789,조정,풋살,5,저녁
U1790,조정,농구,1,오후
U1791,조정,야구,4,오전
U1792,조정,소프트볼,2,저녁
U1793,조정,배구,3,오전
U1794,조정,배드민턴,2,오전
U1795,조정,테니스,5,오후
U1796,조정,탁구,1,오전
U1797,조정,하키,2,오전
U1798,조정,볼링,4,오후
U1799,조정,스쿼시,1,저녁
U1800,조정,라켓볼,2,오후
U1801,조정,피구,2,오후
U1802,조정,크리켓,1,오전
U1803,조정,골프,3,오후
U1804,조정,당구,2,오전
U1805,조정,핸드볼,4,오전
U1806,조정,족구,5,오전
U1807,조정,플로어볼,4,오전
U1808,조정,럭비,3,오전
U1809,조정,비치발리볼,1,오후
U1810,조정,게이트볼,1,오후
U1811,조정,세팍타크로,1,오후
U1812,조정,번지점프,4,오전
U1813,조정,패러글라이딩,3,오후
U1814,조정,스카이다이빙,3,저녁
U1815,조정,서핑,1,오후
U1816,조정,윈드서핑,2,오전
U1817,조정,카약,4,저녁
U1818,조정,카누,2,저녁
U1819,조정,래프팅,4,저녁
U1820,조정,스쿠버다이빙,5,저녁
U1821,조정,프리다이빙,5,오전
U1822,조정,스노보드,4,오후
U1823,조정,스키,2,오후
U1824,조정,암벽등반,3,오전
U1825,조정,볼더링,1,저녁
U1826,조정,산악자전거,2,저녁
U1827,조정,스케이트보드,5,오전
U1828,조정,BMX,4,오전
U1829,조정,오프로드바이크,1,저녁
U1830,조정,카트레이싱,5,오후
U1831,조정,드리프트,1,오후
U1832,조정,모터크로스,1,오전
U1833,조정,패들보드,3,저녁
U1834,조정,집라인,3,오후
U1835,조정,패러슈트글라이딩,3,저녁
U1836,조정,스피드스케이팅,4,오후
U1837,조정,헬스,4,오후
U1838,조정,웨이트트레이닝,1,오후
U1839,조정,요가,3,오후
U1840,조정,필라테스,5,오후
U1841,조정,크로스핏,4,저녁
U1842,조정,스피닝,5,오후
U1843,조정,줌바댄스,2,오전
U1844,조정,홈트레이닝,4,저녁
U1845,조정,PT,2,오전
U1846,조정,바디펌프,4,저녁
U1847,조정,스트레칭,2,오전
U1848,조정,서킷트레이닝,3,오전
U1849,조정,태보,5,오전
U1850,조정,케틀벨운동,4,저녁
U1851,조정,맨몸운동,4,오후
U1852,조정,파워리프팅,4,오후
U1853,조정,덤벨운동,4,오후
U1854,조정,유연성운동,1,저녁
U1855,조정,코어운동,4,오전
U1856,조정,체형교정운동,4,저녁
U1857,조정,TRX,2,저녁
U1858,조정,밴드운동,4,오전
U1859,조정,요가플로우,5,저녁
U1860,트램폴린점프,댄스에어로빅,5,오전
U1861,트램폴린점프,축구,4,오전
U1862,트램폴린점프,풋살,3,저녁
U1863,트램폴린점프,농구,4,저녁
U1864,트램폴린점프,야구,1,오후
U1865,트램폴린점프,소프트볼,3,오후
U1866,트램폴린점프,배구,1,오전
U1867,트램폴린점프,배드민턴,2,오후
U1868,트램폴린점프,테니스,4,오후
U1869,트램폴린점프,탁구,1,저녁
U1870,트램폴린점프,하키,3,오후
U1871,트램폴린점프,볼링,2,오전
U1872,트램폴린점프,스쿼시,1,저녁
U1873,트램폴린점프,라켓볼,3,오후
U1874,트램폴린점프,피구,1,오전
U1875,트램폴린점프,크리켓,2,오전
U1876,트램폴린점프,골프,3,오전
U1877,트램폴린점프,당구,3,오후
U1878,트램폴린점프,핸드볼,2,오전
U1879,트램폴린점프,족구,1,오전
U1880,트램폴린점프,플로어볼,2,저녁
U1881,트램폴린점프,럭비,2,저녁
U1882,트램폴린점프,비치발리볼,2,저녁
U1883,트램폴린점프,게이트볼,3,오전
U1884,트램폴린점프,세팍타크로,1,오후
U1885,트램폴린점프,번지점프,1,오전
U1886,트램폴린점프,패러글라이딩,4,오전
U1887,트램폴린점프,스카이다이빙,4,저녁
U1888,트램폴린점프,서핑,2,오후
U1889,트램폴린점프,윈드서핑,5,오전
U1890,트램폴린점프,카약,1,오후
U1891,트램폴린점프,카누,4,오전
U1892,트램폴린점프,래프팅,2,오전
U1893,트램폴린점프,스쿠버다이빙,5,오전
U1894,트램폴린점프,프리다이빙,1,저녁
U1895,트램폴린점프,스노보드,1,오전
U1896,트램폴린점프,스키,4,오전
U1897,트램폴린점프,암벽등반,2,저녁
U1898,트램폴린점프,볼더링,1,저녁
U1899,트램폴린점프,산악자전거,5,오전
U1900,트램폴린점프,스케이트보드,1,저녁
U1901,트램폴린점프,BMX,1,저녁
U1902,트램폴린점프,오프로드바이크,4,저녁
U1903,트램폴린점프,카트레이싱,3,오전
U1904,트램폴린점프,드리프트,1,오후
U1905,트램폴린점프,모터크로스,5,오후
U1906,트램폴린점프,패들보드,2,오전
U1907,트램폴린점프,집라인,3,오후
U1908,트램폴린점프,패러슈트글라이딩,4,오전
U1909,트램폴린점프,스피드스케이팅,1,저녁
U1910,트램폴린점프,헬스,2,저녁
U1911,트램폴린점프,웨이트트레이닝,3,저녁
U1912,트램폴린점프,요가,1,저녁
U1913,트램폴린점프,필라테스,2,저녁
U1914,트램폴린점프,크로스핏,5,저녁
U1915,트램폴린점프,스피닝,5,저녁
U1916,트램폴린점프,줌바댄스,4,오전
U1917,트램폴린점프,홈트레이닝,3,오전
U1918,트램폴린점프,PT,2,저녁
U1919,트램폴린점프,바디펌프,3,저녁
U1920,트램폴린점프,스트레칭,1,오전
U1921,트램폴린점프,서킷트레이닝,1,오전
U1922,트램폴린점프,태보,1,저녁
U1923,트램폴린점프,케틀벨운동,4,저녁
U1924,트램폴린점프,맨몸운동,3,저녁
U1925,트램폴린점프,파워리프팅,4,오후
U1926,트램폴린점프,덤벨운동,2,오후
U1927,트램폴린점프,유연성운동,3,오후
U1928,트램폴린점프,코어운동,2,오전
U1929,트램폴린점프,체형교정운동,4,오전
U1930,트램폴린점프,TRX,1,오전
U1931,트램폴린점프,밴드운동,2,오후
U1932,트램폴린점프,요가플로우,1,오전
U1933,댄스에어로빅,축구,3,오전
U1934,댄스에어로빅,풋살,4,저녁
U1935,댄스에어로빅,농구,4,오전
U1936,댄스에어로빅,야구,5,저녁
U1937,댄스에어로빅,소프트볼,3,저녁
U1938,댄스에어로빅,배구,5,오후
U1939,댄스에어로빅,배드민턴,2,오후
U1940,댄스에어로빅,테니스,3,오후
U1941,댄스에어로빅,탁구,1,오후
U1942,댄스에어로빅,하키,3,오후
U1943,댄스에어로빅,볼링,3,오후
U1944,댄스에어로빅,스쿼시,4,오전
U1945,댄스에어로빅,라켓볼,3,저녁
U1946,댄스에어로빅,피구,3,저녁
U1947,댄스에어로빅,크리켓,1,저녁
U1948,댄스에어로빅,골프,1,오전
U1949,댄스에어로빅,당구,3,오전
U1950,댄스에어로빅,핸드볼,4,저녁
U1951,댄스에어로빅,족구,1,오후
U1952,댄스에어로빅,플로어볼,1,오후
U1953,댄스에어로빅,럭비,5,오후
U1954,댄스에어로빅,비치발리볼,2,오전
U1955,댄스에어로빅,게이트볼,4,오전
U1956,댄스에어로빅,세팍타크로,1,오전
U1957,댄스에어로빅,번지점프,4,오후
U1958,댄스에어로빅,패러글라이딩,4,저녁
U1959,댄스에어로빅,스카이다이빙,4,오전
U1960,댄스에어로빅,서핑,5,오후
U1961,댄스에어로빅,윈드서핑,3,오전
U1962,댄스에어로빅,카약,1,저녁
U1963,댄스에어로빅,카누,3,오후
U1964,댄스에어로빅,래프팅,4,오후
U1965,댄스에어로빅,스쿠버다이빙,1,오전
U1966,댄스에어로빅,프리다이빙,1,오전
U1967,댄스에어로빅,스노보드,2,오전
U1968,댄스에어로빅,스키,4,오전
U1969,댄스에어로빅,암벽등반,3,오전
U1970,댄스에어로빅,볼더링,4,오전
U1971,댄스에어로빅,산악자전거,5,오전
U1972,댄스에어로빅,스케이트보드,4,저녁
U1973,댄스에어로빅,BMX,4,오전
U1974,댄스에어로빅,오프로드바이크,3,오전
U1975,댄스에어로빅,카트레이싱,3,오전
U1976,댄스에어로빅,드리프트,4,오전
U1977,댄스에어로빅,모터크로스,5,저녁
U1978,댄스에어로빅,패들보드,5,저녁
U1979,댄스에어로빅,집라인,5,오후
U1980,댄스에어로빅,패러슈트글라이딩,1,오후
U1981,댄스에어로빅,스피드스케이팅,1,저녁
U1982,댄스에어로빅,헬스,2,저녁
U1983,댄스에어로빅,웨이트트레이닝,5,오전
U1984,댄스에어로빅,요가,2,저녁
U1985,댄스에어로빅,필라테스,2,오전
U1986,댄스에어로빅,크로스핏,5,오전
U1987,댄스에어로빅,스피닝,3,저녁
U1988,댄스에어로빅,줌바댄스,3,오전
U1989,댄스에어로빅,홈트레이닝,1,오후
U1990,댄스에어로빅,PT,2,오전
U1991,댄스에어로빅,바디펌프,2,오전
U1992,댄스에어로빅,스트레칭,5,오후
U1993,댄스에어로빅,서킷트레이닝,2,오후
U1994,댄스에어로빅,태보,2,오후
U1995,댄스에어로빅,케틀벨운동,2,오전
U1996,댄스에어로빅,맨몸운동,5,오후
U1997,댄스에어로빅,파워리프팅,3,오전
U1998,댄스에어로빅,덤벨운동,4,오전
U1999,댄스에어로빅,유연성운동,2,오전
U2000,댄스에어로빅,코어운동,3,오후
U2001,댄스에어로빅,체형교정운동,4,저녁
U2002,댄스에어로빅,TRX,3,저녁
U2003,댄스에어로빅,밴드운동,2,저녁
U2004,댄스에어로빅,요가플로우,2,오후
U2005,축구,풋살,3,오전
U2006,축구,농구,5,저녁
U2007,축구,야구,3,저녁
U2008,축구,소프트볼,4,저녁
U2009,축구,배구,3,오전
U2010,축구,배드민턴,3,오전
U2011,축구,테니스,2,저녁
U2012,축구,탁구,1,오후
U2013,축구,하키,4,오전
U2014,축구,볼링,2,오후
U2015,축구,스쿼시,1,오전
U2016,축구,라켓볼,1,오전
U2017,축구,피구,2,오후
U2018,축구,크리켓,5,오후
U2019,축구,골프,1,오후
U2020,축구,당구,5,오전
U2021,축구,핸드볼,2,오후
U2022,축구,족구,4,저녁
U2023,축구,플로어볼,1,오전
U2024,축구,럭비,5,저녁
U2025,축구,비치발리볼,3,오후
U2026,축구,게이트볼,5,저녁
U2027,축구,세팍타크로,1,오후
U2028,축구,번지점프,3,저녁
U2029,축구,패러글라이딩,3,저녁
U2030,축구,스카이다이빙,2,저녁
U2031,축구,서핑,4,오전
U2032,축구,윈드서핑,1,오전
U2033,축구,카약,2,오후
U2034,축구,카누,4,저녁
U2035,축구,래프팅,3,오후
U2036,축구,스쿠버다이빙,3,저녁
U2037,축구,프리다이빙,5,오전
U2038,축구,스노보드,2,오후
U2039,축구,스키,5,오전
U2040,축구,암벽등반,3,저녁
U2041,축구,볼더링,5,오전
U2042,축구,산악자전거,3,오후
U2043,축구,스케이트보드,4,저녁
U2044,축구,BMX,2,오후
U2045,축구,오프로드바이크,3,저녁
U2046,축구,카트레이싱,4,오후
U2047,축구,드리프트,4,오후
U2048,축구,모터크로스,3,저녁
U2049,축구,패들보드,4,오후
U2050,축구,집라인,1,저녁
U2051,축구,패러슈트글라이딩,1,오전
U2052,축구,스피드스케이팅,1,오후
U2053,축구,헬스,2,오전
U2054,축구,웨이트트레이닝,4,저녁
U2055,축구,요가,2,저녁
U2056,축구,필라테스,2,오전
U2057,축구,크로스핏,1,오후
U2058,축구,스피닝,4,오후
U2059,축구,줌바댄스,4,오후
U2060,축구,홈트레이닝,1,저녁
U2061,축구,PT,3,오전
U2062,축구,바디펌프,1,오전
U2063,축구,스트레칭,1,저녁
U2064,축구,서킷트레이닝,2,오후
U2065,축구,태보,3,저녁
U2066,축구,케틀벨운동,5,오후
U2067,축구,맨몸운동,3,오전
U2068,축구,파워리프팅,4,저녁
U2069,축구,덤벨운동,4,저녁
U2070,축구,유연성운동,2,저녁
U2071,축구,코어운동,1,오전
U2072,축구,체형교정운동,3,오후
U2073,축구,TRX,5,오후
U2074,축구,밴드운동,4,저녁
U2075,축구,요가플로우,3,오전
U2076,풋살,농구,3,오후
U2077,풋살,야구,3,오전
U2078,풋살,소프트볼,2,오전
U2079,풋살,배구,5,오전
U2080,풋살,배드민턴,5,오전
U2081,풋살,테니스,3,저녁
U2082,풋살,탁구,1,오후
U2083,풋살,하키,3,오전
U2084,풋살,볼링,1,오후
U2085,풋살,스쿼시,3,오후
U2086,풋살,라켓볼,2,오후
U2087,풋살,피구,3,오후
U2088,풋살,크리켓,3,오후
U2089,풋살,골프,1,오후
U2090,풋살,당구,2,오전
U2091,풋살,핸드볼,3,저녁
U2092,풋살,족구,5,오후
U2093,풋살,플로어볼,3,저녁
U2094,풋살,럭비,2,오전
U2095,풋살,비치발리볼,2,저녁
U2096,풋살,게이트볼,1,저녁
U2097,풋살,세팍타크로,5,오후
U2098,풋살,번지점프,3,저녁
U2099,풋살,패러글라이딩,4,오후
U2100,풋살,스카이다이빙,3,오전
U2101,풋살,서핑,5,저녁
U2102,풋살,윈드서핑,3,오전
U2103,풋살,카약,5,오후
U2104,풋살,카누,4,오후
U2105,풋살,래프팅,4,오전
U2106,풋살,스쿠버다이빙,3,오후
U2107,풋살,프리다이빙,1,저녁
U2108,풋살,스노보드,5,오전
U2109,풋살,스키,4,저녁
U2110,풋살,암벽등반,5,오후
U2111,풋살,볼더링,2,오전
U2112,풋살,산악자전거,5,저녁
U2113,풋살,스케이트보드,2,오후
U2114,풋살,BMX,4,오전
U2115,풋살,오프로드바이크,2,오후
U2116,풋살,카트레이싱,5,오후
U2117,풋살,드리프트,3,오후
U2118,풋살,모터크로스,5,오전
U2119,풋살,패들보드,5,오전
U2120,풋살,집라인,4,저녁
U2121,풋살,패러슈트글라이딩,1,저녁
U2122,풋살,스피드스케이팅,3,저녁
U2123,풋살,헬스,4,저녁
U2124,풋살,웨이트트레이닝,2,오후
U2125,풋살,요가,1,오전
U2126,풋살,필라테스,4,저녁
U2127,풋살,크로스핏,3,오후
U2128,풋살,스피닝,3,오후
U2129,풋살,줌바댄스,4,저녁
U2130,풋살,홈트레이닝,4,저녁
U2131,풋살,PT,2,저녁
U2132,풋살,바디펌프,4,저녁
U2133,풋살,스트레칭,3,저녁
U2134,풋살,서킷트레이닝,2,오전
U2135,풋살,태보,4,오전
U2136,풋살,케틀벨운동,3,오전
U2137,풋살,맨몸운동,1,저녁
U2138,풋살,파워리프팅,5,오전
U2139,풋살,덤벨운동,5,오전
U2140,풋살,유연성운동,5,저녁
U2141,풋살,코어운동,5,저녁
U2142,풋살,체형교정운동,3,오전
U2143,풋살,TRX,5,저녁
U2144,풋살,밴드운동,1,저녁
U2145,풋살,요가플로우,4,저녁
U2146,농구,야구,1,오전
U2147,농구,소프트볼,2,오전
U2148,농구,배구,3,저녁
U2149,농구,배드민턴,2,저녁
U2150,농구,테니스,5,오전
U2151,농구,탁구,2,저녁
U2152,농구,하키,5,저녁
U2153,농구,볼링,4,오후
U2154,농구,스쿼시,3,오전
U2155,농구,라켓볼,3,오전
U2156,농구,피구,5,오후
U2157,농구,크리켓,5,오전
U2158,농구,골프,3,오전
U2159,농구,당구,1,오후
U2160,농구,핸드볼,4,오전
U2161,농구,족구,5,저녁
U2162,농구,플로어볼,3,오후
U2163,농구,럭비,4,오후
U2164,농구,비치발리볼,4,오후
U2165,농구,게이트볼,5,오전
U2166,농구,세팍타크로,4,오전
U2167,농구,번지점프,5,오전
U2168,농구,패러글라이딩,4,저녁
U2169,농구,스카이다이빙,2,오후
U2170,농구,서핑,1,오전
U2171,농구,윈드서핑,2,저녁
U2172,농구,카약,1,오전
U2173,농구,카누,5,오전
U2174,농구,래프팅,2,오전
U2175,농구,스쿠버다이빙,5,오후
U2176,농구,프리다이빙,5,오후
U2177,농구,스노보드,3,저녁
U2178,농구,스키,4,오후
U2179,농구,암벽등반,4,오후
U2180,농구,볼더링,2,오전
U2181,농구,산악자전거,5,오전
U2182,농구,스케이트보드,5,저녁
U2183,농구,BMX,5,오후
U2184,농구,오프로드바이크,4,오전
U2185,농구,카트레이싱,1,오전
U2186,농구,드리프트,4,오후
U2187,농구,모터크로스,2,오전
U2188,농구,패들보드,3,오후
U2189,농구,집라인,1,오전
U2190,농구,패러슈트글라이딩,1,오후
U2191,농구,스피드스케이팅,2,오전
U2192,농구,헬스,3,저녁
U2193,농구,웨이트트레이닝,4,오후
U2194,농구,요가,2,오후
U2195,농구,필라테스,5,저녁
U2196,농구,크로스핏,2,오후
U2197,농구,스피닝,1,오전
U2198,농구,줌바댄스,4,오후
U2199,농구,홈트레이닝,4,오전
U2200,농구,PT,5,저녁
U2201,농구,바디펌프,5,오전
U2202,농구,스트레칭,3,저녁
U2203,농구,서킷트레이닝,3,오전
U2204,농구,태보,3,저녁
U2205,농구,케틀벨운동,2,저녁
U2206,농구,맨몸운동,5,오후
U2207,농구,파워리프팅,1,저녁
U2208,농구,덤벨운동,3,오전
U2209,농구,유연성운동,2,오후
U2210,농구,코어운동,5,오전
U2211,농구,체형교정운동,3,저녁
U2212,농구,TRX,2,오전
U2213,농구,밴드운동,3,오후
U2214,농구,요가플로우,2,저녁
U2215,야구,소프트볼,2,오전
U2216,야구,배구,2,오전
U2217,야구,배드민턴,4,저녁
U2218,야구,테니스,5,오후
U2219,야구,탁구,3,저녁
U2220,야구,하키,3,오전
U2221,야구,볼링,4,오후
U2222,야구,스쿼시,3,저녁
U2223,야구,라켓볼,3,오후
U2224,야구,피구,4,저녁
U2225,야구,크리켓,5,오전
U2226,야구,골프,5,오전
U2227,야구,당구,2,오전
U2228,야구,핸드볼,4,오후
U2229,야구,족구,4,오후
U2230,야구,플로어볼,3,저녁
U2231,야구,럭비,1,저녁
U2232,야구,비치발리볼,3,저녁
U2233,야구,게이트볼,5,저녁
U2234,야구,세팍타크로,2,오전
U2235,야구,번지점프,1,오전
U2236,야구,패러글라이딩,2,오후
U2237,야구,스카이다이빙,1,저녁
U2238,야구,서핑,4,저녁
U2239,야구,윈드서핑,4,오전
U2240,야구,카약,1,오후
U2241,야구,카누,4,저녁
U2242,야구,래프팅,5,오후
U2243,야구,스쿠버다이빙,5,오후
U2244,야구,프리다이빙,4,오후
U2245,야구,스노보드,4,오후
U2246,야구,스키,2,저녁
U2247,야구,암벽등반,4,저녁
U2248,야구,볼더링,5,오전
U2249,야구,산악자전거,1,저녁
U2250,야구,스케이트보드,1,저녁
U2251,야구,BMX,1,오전
U2252,야구,오프로드바이크,5,오전
U2253,야구,카트레이싱,3,저녁
U2254,야구,드리프트,4,저녁
U2255,야구,모터크로스,3,오후
U2256,야구,패들보드,2,저녁
U2257,야구,집라인,3,오전
U2258,야구,패러슈트글라이딩,4,저녁
U2259,야구,스피드스케이팅,4,오후
U2260,야구,헬스,2,저녁
U2261,야구,웨이트트레이닝,1,저녁
U2262,야구,요가,5,오전
U2263,야구,필라테스,3,저녁
U2264,야구,크로스핏,2,오전
U2265,야구,스피닝,4,오전
U2266,야구,줌바댄스,2,오전
U2267,야구,홈트레이닝,5,오전
U2268,야구,PT,4,오후
U2269,야구,바디펌프,3,저녁
U2270,야구,스트레칭,1,오전
U2271,야구,서킷트레이닝,4,오후
U2272,야구,태보,1,오전
U2273,야구,케틀벨운동,3,저녁
U2274,야구,맨몸운동,4,저녁
U2275,야구,파워리프팅,5,오후
U2276,야구,덤벨운동,2,오후
U2277,야구,유연성운동,3,오후
U2278,야구,코어운동,3,저녁
U2279,야구,체형교정운동,5,오후
U2280,야구,TRX,4,오후
U2281,야구,밴드운동,5,오후
U2282,야구,요가플로우,3,오후
U2283,소프트볼,배구,3,오전
U2284,소프트볼,배드민턴,2,저녁
U2285,소프트볼,테니스,3,오후
U2286,소프트볼,탁구,3,저녁
U2287,소프트볼,하키,4,저녁
U2288,소프트볼,볼링,4,오후
U2289,소프트볼,스쿼시,5,오전
U2290,소프트볼,라켓볼,3,저녁
U2291,소프트볼,피구,5,오후
U2292,소프트볼,크리켓,3,저녁
U2293,소프트볼,골프,5,오후
U2294,소프트볼,당구,1,오전
U2295,소프트볼,핸드볼,5,오전
U2296,소프트볼,족구,3,오후
U2297,소프트볼,플로어볼,1,오전
U2298,소프트볼,럭비,3,저녁
U2299,소프트볼,비치발리볼,3,오전
U2300,소프트볼,게이트볼,2,오전
U2301,소프트볼,세팍타크로,1,저녁
U2302,소프트볼,번지점프,2,오후
U2303,소프트볼,패러글라이딩,1,저녁
U2304,소프트볼,스카이다이빙,2,저녁
U2305,소프트볼,서핑,1,저녁
U2306,소프트볼,윈드서핑,5,저녁
U2307,소프트볼,카약,1,오후
U2308,소프트볼,카누,5,저녁
U2309,소프트볼,래프팅,3,저녁
U2310,소프트볼,스쿠버다이빙,4,저녁
U2311,소프트볼,프리다이빙,4,저녁
U2312,소프트볼,스노보드,1,저녁
U2313,소프트볼,스키,5,저녁
U2314,소프트볼,암벽등반,5,오후
U2315,소프트볼,볼더링,5,오전
U2316,소프트볼,산악자전거,5,오전
U2317,소프트볼,스케이트보드,3,저녁
U2318,소프트볼,BMX,1,저녁
U2319,소프트볼,오프로드바이크,4,오전
U2320,소프트볼,카트레이싱,3,저녁
U2321,소프트볼,드리프트,4,저녁
U2322,소프트볼,모터크로스,2,오전
U2323,소프트볼,패들보드,3,오전
U2324,소프트볼,집라인,2,저녁
U2325,소프트볼,패러슈트글라이딩,4,오후
U2326,소프트볼,스피드스케이팅,4,저녁
U2327,소프트볼,헬스,2,오전
U2328,소프트볼,웨이트트레이닝,2,오전
U2329,소프트볼,요가,5,저녁
U2330,소프트볼,필라테스,5,오전
U2331,소프트볼,크로스핏,1,저녁
U2332,소프트볼,스피닝,4,오전
U2333,소프트볼,줌바댄스,3,저녁
U2334,소프트볼,홈트레이닝,3,오전
U2335,소프트볼,PT,2,오후
U2336,소프트볼,바디펌프,1,오전
U2337,소프트볼,스트레칭,5,오전
U2338,소프트볼,서킷트레이닝,5,저녁
U2339,소프트볼,태보,4,오후
U2340,소프트볼,케틀벨운동,3,저녁
U2341,소프트볼,맨몸운동,1,저녁
U2342,소프트볼,파워리프팅,4,오후
U2343,소프트볼,덤벨운동,4,오전
U2344,소프트볼,유연성운동,5,오후
U2345,소프트볼,코어운동,4,오후
U2346,소프트볼,체형교정운동,2,저녁
U2347,소프트볼,TRX,5,저녁
U2348,소프트볼,밴드운동,4,오전
U2349,소프트볼,요가플로우,3,오전
U2350,배구,배드민턴,4,오전
U2351,배구,테니스,2,오전
U2352,배구,탁구,1,오전
U2353,배구,하키,5,저녁
U2354,배구,볼링,3,저녁
U2355,배구,스쿼시,4,저녁
U2356,배구,라켓볼,4,오전
U2357,배구,피구,4,저녁
U2358,배구,크리켓,3,오전
U2359,배구,골프,5,오전
U2360,배구,당구,2,오후
U2361,배구,핸드볼,2,오전
U2362,배구,족구,1,오후
U2363,배구,플로어볼,1,저녁
U2364,배구,럭비,3,오전
U2365,배구,비치발리볼,4,오후
U2366,배구,게이트볼,1,오전
U2367,배구,세팍타크로,3,오후
U2368,배구,번지점프,5,저녁
U2369,배구,패러글라이딩,1,저녁
U2370,배구,스카이다이빙,4,저녁
U2371,배구,서핑,3,저녁
U2372,배구,윈드서핑,2,오전
U2373,배구,카약,2,저녁
U2374,배구,카누,1,오후
U2375,배구,래프팅,5,저녁
U2376,배구,스쿠버다이빙,3,오후
U2377,배구,프리다이빙,5,오후
U2378,배구,스노보드,3,저녁
U2379,배구,스키,2,오전
U2380,배구,암벽등반,4,오후
U2381,배구,볼더링,1,오후
U2382,배구,산악자전거,1,오후
U2383,배구,스케이트보드,1,오전
U2384,배구,BMX,2,오전
U2385,배구,오프로드바이크,1,저녁
U2386,배구,카트레이싱,2,오후
U2387,배구,드리프트,1,저녁
U2388,배구,모터크로스,3,오전
U2389,배구,패들보드,4,오후
U2390,배구,집라인,2,오후
U2391,배구,패러슈트글라이딩,4,오전
U2392,배구,스피드스케이팅,1,오후
U2393,배구,헬스,1,오전
U2394,배구,웨이트트레이닝,2,저녁
U2395,배구,요가,2,오전
U2396,배구,필라테스,2,저녁
U2397,배구,크로스핏,3,오전
U2398,배구,스피닝,4,오전
U2399,배구,줌바댄스,3,저녁
U2400,배구,홈트레이닝,1,오후
U2401,배구,PT,4,오전
U2402,배구,바디펌프,5,저녁
U2403,배구,스트레칭,3,오후
U2404,배구,서킷트레이닝,5,오후
U2405,배구,태보,5,오후
U2406,배구,케틀벨운동,4,오후
U2407,배구,맨몸운동,2,오전
U2408,배구,파워리프팅,4,오후
U2409,배구,덤벨운동,5,오후
U2410,배구,유연성운동,1,오후
U2411,배구,코어운동,5,오전
U2412,배구,체형교정운동,5,오후
U2413,배구,TRX,5,오후
U2414,배구,밴드운동,4,오후
U2415,배구,요가플로우,1,오전
U2416,배드민턴,테니스,1,오후
U2417,배드민턴,탁구,3,오전
U2418,배드민턴,하키,5,오후
U2419,배드민턴,볼링,3,오후
U2420,배드민턴,스쿼시,4,오후
U2421,배드민턴,라켓볼,5,오전
U2422,배드민턴,피구,5,오후
U2423,배드민턴,크리켓,5,저녁
U2424,배드민턴,골프,1,오전
U2425,배드민턴,당구,1,오전
U2426,배드민턴,핸드볼,3,오후
U2427,배드민턴,족구,5,오전
U2428,배드민턴,플로어볼,1,저녁
U2429,배드민턴,럭비,1,저녁
U2430,배드민턴,비치발리볼,5,오후
U2431,배드민턴,게이트볼,3,오전
U2432,배드민턴,세팍타크로,3,저녁
U2433,배드민턴,번지점프,5,오전
U2434,배드민턴,패러글라이딩,1,오전
U2435,배드민턴,스카이다이빙,5,오전
U2436,배드민턴,서핑,2,오후
U2437,배드민턴,윈드서핑,5,저녁
U2438,배드민턴,카약,4,오후
U2439,배드민턴,카누,1,저녁
U2440,배드민턴,래프팅,2,오후
U2441,배드민턴,스쿠버다이빙,1,저녁
U2442,배드민턴,프리다이빙,3,오후
U2443,배드민턴,스노보드,1,오전
U2444,배드민턴,스키,4,저녁
U2445,배드민턴,암벽등반,4,오전
U2446,배드민턴,볼더링,1,저녁
U2447,배드민턴,산악자전거,1,오전
U2448,배드민턴,스케이트보드,2,오전
U2449,배드민턴,BMX,2,오후
U2450,배드민턴,오프로드바이크,2,저녁
U2451,배드민턴,카트레이싱,4,오후
U2452,배드민턴,드리프트,4,저녁
U2453,배드민턴,모터크로스,3,저녁
U2454,배드민턴,패들보드,3,오전
U2455,배드민턴,집라인,4,오후
U2456,배드민턴,패러슈트글라이딩,4,저녁
U2457,배드민턴,스피드스케이팅,3,오후
U2458,배드민턴,헬스,3,오전
U2459,배드민턴,웨이트트레이닝,3,오전
U2460,배드민턴,요가,1,오전
U2461,배드민턴,필라테스,3,오후
U2462,배드민턴,크로스핏,5,저녁
U2463,배드민턴,스피닝,5,오후
U2464,배드민턴,줌바댄스,3,저녁
U2465,배드민턴,홈트레이닝,2,오후
U2466,배드민턴,PT,3,오전
U2467,배드민턴,바디펌프,4,오후
U2468,배드민턴,스트레칭,1,오후
U2469,배드민턴,서킷트레이닝,2,오후
U2470,배드민턴,태보,4,오전
U2471,배드민턴,케틀벨운동,3,오후
U2472,배드민턴,맨몸운동,1,저녁
U2473,배드민턴,파워리프팅,4,오후
U2474,배드민턴,덤벨운동,3,오전
U2475,배드민턴,유연성운동,2,오후
U2476,배드민턴,코어운동,5,오전
U2477,배드민턴,체형교정운동,4,저녁
U2478,배드민턴,TRX,4,저녁
U2479,배드민턴,밴드운동,4,오후
U2480,배드민턴,요가플로우,5,저녁
U2481,테니스,탁구,5,오후
U2482,테니스,하키,3,오후
U2483,테니스,볼링,5,오전
U2484,테니스,스쿼시,3,저녁
U2485,테니스,라켓볼,5,저녁
U2486,테니스,피구,1,오후
U2487,테니스,크리켓,1,오전
U2488,테니스,골프,3,오후
U2489,테니스,당구,1,저녁
U2490,테니스,핸드볼,1,오후
U2491,테니스,족구,1,오전
U2492,테니스,플로어볼,5,오전
U2493,테니스,럭비,4,저녁
U2494,테니스,비치발리볼,1,저녁
U2495,테니스,게이트볼,2,저녁
U2496,테니스,세팍타크로,4,오후
U2497,테니스,번지점프,5,저녁
U2498,테니스,패러글라이딩,5,저녁
U2499,테니스,스카이다이빙,2,저녁
U2500,테니스,서핑,5,저녁
U2501,테니스,윈드서핑,1,오후
U2502,테니스,카약,5,저녁
U2503,테니스,카누,2,오후
U2504,테니스,래프팅,1,저녁
U2505,테니스,스쿠버다이빙,3,오전
U2506,테니스,프리다이빙,5,오전
U2507,테니스,스노보드,1,오후
U2508,테니스,스키,5,오전
U2509,테니스,암벽등반,3,오후
U2510,테니스,볼더링,5,오전
U2511,테니스,산악자전거,1,오후
U2512,테니스,스케이트보드,2,저녁
U2513,테니스,BMX,4,저녁
U2514,테니스,오프로드바이크,1,오후
U2515,테니스,카트레이싱,1,오후
U2516,테니스,드리프트,1,저녁
U2517,테니스,모터크로스,3,오전
U2518,테니스,패들보드,1,오전
U2519,테니스,집라인,2,오후
U2520,테니스,패러슈트글라이딩,4,오전
U2521,테니스,스피드스케이팅,5,저녁
U2522,테니스,헬스,1,오후
U2523,테니스,웨이트트레이닝,2,저녁
U2524,테니스,요가,5,오전
U2525,테니스,필라테스,4,저녁
U2526,테니스,크로스핏,2,오전
U2527,테니스,스피닝,1,오전
U2528,테니스,줌바댄스,4,저녁
U2529,테니스,홈트레이닝,4,저녁
U2530,테니스,PT,1,오후
U2531,테니스,바디펌프,4,오후
U2532,테니스,스트레칭,3,오전
U2533,테니스,서킷트레이닝,2,오전
U2534,테니스,태보,1,저녁
U2535,테니스,케틀벨운동,3,오후
U2536,테니스,맨몸운동,3,저녁
U2537,테니스,파워리프팅,4,오전
U2538,테니스,덤벨운동,3,오전
U2539,테니스,유연성운동,5,오후
U2540,테니스,코어운동,4,저녁
U2541,테니스,체형교정운동,1,저녁
U2542,테니스,TRX,4,저녁
U2543,테니스,밴드운동,2,오후
U2544,테니스,요가플로우,5,오전
U2545,탁구,하키,3,오전
U2546,탁구,볼링,3,오전
U2547,탁구,스쿼시,2,오전
U2548,탁구,라켓볼,5,오전
U2549,탁구,피구,5,저녁
U2550,탁구,크리켓,5,저녁
U2551,탁구,골프,4,오전
U2552,탁구,당구,2,저녁
U2553,탁구,핸드볼,3,오후
U2554,탁구,족구,1,오전
U2555,탁구,플로어볼,2,저녁
U2556,탁구,럭비,4,저녁
U2557,탁구,비치발리볼,4,저녁
U2558,탁구,게이트볼,3,저녁
U2559,탁구,세팍타크로,2,저녁
U2560,탁구,번지점프,2,오전
U2561,탁구,패러글라이딩,5,오후
U2562,탁구,스카이다이빙,3,저녁
U2563,탁구,서핑,2,저녁
U2564,탁구,윈드서핑,4,오후
U2565,탁구,카약,5,오후
U2566,탁구,카누,4,오전
U2567,탁구,래프팅,5,오후
U2568,탁구,스쿠버다이빙,3,저녁
U2569,탁구,프리다이빙,3,오전
U2570,탁구,스노보드,2,오전
U2571,탁구,스키,1,저녁
U2572,탁구,암벽등반,3,오전
U2573,탁구,볼더링,5,저녁
U2574,탁구,산악자전거,4,오전
U2575,탁구,스케이트보드,3,저녁
U2576,탁구,BMX,1,오후
U2577,탁구,오프로드바이크,2,저녁
U2578,탁구,카트레이싱,3,오전
U2579,탁구,드리프트,4,오전
U2580,탁구,모터크로스,2,저녁
U2581,탁구,패들보드,1,오전
U2582,탁구,집라인,2,오전
U2583,탁구,패러슈트글라이딩,4,오전
U2584,탁구,스피드스케이팅,1,오후
U2585,탁구,헬스,2,저녁
U2586,탁구,웨이트트레이닝,1,오후
U2587,탁구,요가,4,오전
U2588,탁구,필라테스,2,오전
U2589,탁구,크로스핏,2,오후
U2590,탁구,스피닝,2,오후
U2591,탁구,줌바댄스,5,오후
U2592,탁구,홈트레이닝,2,오전
U2593,탁구,PT,1,오전
U2594,탁구,바디펌프,3,저녁
U2595,탁구,스트레칭,5,저녁
U2596,탁구,서킷트레이닝,2,오전
U2597,탁구,태보,1,오전
U2598,탁구,케틀벨운동,2,저녁
U2599,탁구,맨몸운동,3,저녁
U2600,탁구,파워리프팅,4,오후
U2601,탁구,덤벨운동,2,오후
U2602,탁구,유연성운동,5,저녁
U2603,탁구,코어운동,5,오전
U2604,탁구,체형교정운동,4,저녁
U2605,탁구,TRX,3,저녁
U2606,탁구,밴드운동,4,저녁
U2607,탁구,요가플로우,1,저녁
U2608,하키,볼링,5,저녁
U2609,하키,스쿼시,1,저녁
U2610,하키,라켓볼,5,오후
U2611,하키,피구,5,오후
U2612,하키,크리켓,4,오전
U2613,하키,골프,2,저녁
U2614,하키,당구,4,저녁
U2615,하키,핸드볼,2,오전
U2616,하키,족구,5,오후
U2617,하키,플로어볼,1,오후
U2618,하키,럭비,1,오후
U2619,하키,비치발리볼,2,오전
U2620,하키,게이트볼,5,저녁
U2621,하키,세팍타크로,5,오후
U2622,하키,번지점프,1,오전
U2623,하키,패러글라이딩,3,오후
U2624,하키,스카이다이빙,3,오후
U2625,하키,서핑,4,오후
U2626,하키,윈드서핑,4,오전
U2627,하키,카약,5,오전
U2628,하키,카누,2,저녁
U2629,하키,래프팅,5,오전
U2630,하키,스쿠버다이빙,5,저녁
U2631,하키,프리다이빙,4,저녁
U2632,하키,스노보드,1,저녁
U2633,하키,스키,2,오후
U2634,하키,암벽등반,1,저녁
U2635,하키,볼더링,3,오후
U2636,하키,산악자전거,2,오전
U2637,하키,스케이트보드,4,오후
U2638,하키,BMX,3,저녁
U2639,하키,오프로드바이크,4,오전
U2640,하키,카트레이싱,4,오전
U2641,하키,드리프트,4,오전
U2642,하키,모터크로스,1,오후
U2643,하키,패들보드,4,오전
U2644,하키,집라인,1,오전
U2645,하키,패러슈트글라이딩,2,오후
U2646,하키,스피드스케이팅,1,저녁
U2647,하키,헬스,2,오전
U2648,하키,웨이트트레이닝,3,오전
U2649,하키,요가,3,오후
U2650,하키,필라테스,5,저녁
U2651,하키,크로스핏,3,오후
U2652,하키,스피닝,4,저녁
U2653,하키,줌바댄스,5,오후
U2654,하키,홈트레이닝,5,저녁
U2655,하키,PT,2,저녁
U2656,하키,바디펌프,5,오후
U2657,하키,스트레칭,4,저녁
U2658,하키,서킷트레이닝,1,오후
U2659,하키,태보,1,오후
U2660,하키,케틀벨운동,5,오후
U2661,하키,맨몸운동,3,저녁
U2662,하키,파워리프팅,2,오후
U2663,하키,덤벨운동,3,오전
U2664,하키,유연성운동,1,오전
U2665,하키,코어운동,3,오후
U2666,하키,체형교정운동,3,저녁
U2667,하키,TRX,1,오후
U2668,하키,밴드운동,2,오후
U2669,하키,요가플로우,5,저녁
U2670,볼링,스쿼시,4,오후
U2671,볼링,라켓볼,4,오전
U2672,볼링,피구,4,오후
U2673,볼링,크리켓,4,저녁
U2674,볼링,골프,4,저녁
U2675,볼링,당구,4,오전
U2676,볼링,핸드볼,2,오후
U2677,볼링,족구,4,저녁
U2678,볼링,플로어볼,4,오후
U2679,볼링,럭비,1,오후
U2680,볼링,비치발리볼,3,오후
U2681,볼링,게이트볼,5,저녁
U2682,볼링,세팍타크로,2,오전
U2683,볼링,번지점프,1,오후
U2684,볼링,패러글라이딩,4,저녁
U2685,볼링,스카이다이빙,4,오전
U2686,볼링,서핑,4,저녁
U2687,볼링,윈드서핑,5,오전
U2688,볼링,카약,2,오전
U2689,볼링,카누,4,오후
U2690,볼링,래프팅,3,오전
U2691,볼링,스쿠버다이빙,4,오후
U2692,볼링,프리다이빙,4,오후
U2693,볼링,스노보드,4,오후
U2694,볼링,스키,4,오전
U2695,볼링,암벽등반,4,오전
U2696,볼링,볼더링,5,오전
U2697,볼링,산악자전거,4,오전
U2698,볼링,스케이트보드,5,오후
U2699,볼링,BMX,2,오후
U2700,볼링,오프로드바이크,2,오후
U2701,볼링,카트레이싱,3,저녁
U2702,볼링,드리프트,2,오전
U2703,볼링,모터크로스,3,오전
U2704,볼링,패들보드,4,오후
U2705,볼링,집라인,5,오후
U2706,볼링,패러슈트글라이딩,1,오후
U2707,볼링,스피드스케이팅,5,저녁
U2708,볼링,헬스,1,오전
U2709,볼링,웨이트트레이닝,5,오후
U2710,볼링,요가,2,오후
U2711,볼링,필라테스,3,오후
U2712,볼링,크로스핏,1,오후
U2713,볼링,스피닝,3,오전
U2714,볼링,줌바댄스,1,저녁
U2715,볼링,홈트레이닝,1,오전
U2716,볼링,PT,2,저녁
U2717,볼링,바디펌프,1,오전
U2718,볼링,스트레칭,1,오전
U2719,볼링,서킷트레이닝,2,오후
U2720,볼링,태보,1,오후
U2721,볼링,케틀벨운동,4,오후
U2722,볼링,맨몸운동,5,오전
U2723,볼링,파워리프팅,3,저녁
U2724,볼링,덤벨운동,4,오후
U2725,볼링,유연성운동,2,오전
U2726,볼링,코어운동,3,저녁
U2727,볼링,체형교정운동,3,오전
U2728,볼링,TRX,5,오후
U2729,볼링,밴드운동,3,저녁
U2730,볼링,요가플로우,4,저녁
U2731,스쿼시,라켓볼,5,저녁
U2732,스쿼시,피구,2,오후
U2733,스쿼시,크리켓,5,저녁
U2734,스쿼시,골프,4,오후
U2735,스쿼시,당구,1,저녁
U2736,스쿼시,핸드볼,4,저녁
U2737,스쿼시,족구,4,오후
U2738,스쿼시,플로어볼,4,저녁
U2739,스쿼시,럭비,5,저녁
U2740,스쿼시,비치발리볼,2,오전
U2741,스쿼시,게이트볼,5,오후
U2742,스쿼시,세팍타크로,1,오후
U2743,스쿼시,번지점프,5,오전
U2744,스쿼시,패러글라이딩,4,오후
U2745,스쿼시,스카이다이빙,3,오후
U2746,스쿼시,서핑,2,오후
U2747,스쿼시,윈드서핑,1,저녁
U2748,스쿼시,카약,3,오후
U2749,스쿼시,카누,3,오후
U2750,스쿼시,래프팅,3,오후
U2751,스쿼시,스쿠버다이빙,5,오전
U2752,스쿼시,프리다이빙,4,오후
U2753,스쿼시,스노보드,3,저녁
U2754,스쿼시,스키,4,오전
U2755,스쿼시,암벽등반,4,오전
U2756,스쿼시,볼더링,3,저녁
U2757,스쿼시,산악자전거,2,오후
U2758,스쿼시,스케이트보드,2,오후
U2759,스쿼시,BMX,5,오후
U2760,스쿼시,오프로드바이크,4,오전
U2761,스쿼시,카트레이싱,3,오전
U2762,스쿼시,드리프트,2,오전
U2763,스쿼시,모터크로스,1,저녁
U2764,스쿼시,패들보드,2,오후
U2765,스쿼시,집라인,1,오후
U2766,스쿼시,패러슈트글라이딩,4,저녁
U2767,스쿼시,스피드스케이팅,5,오후
U2768,스쿼시,헬스,4,저녁
U2769,스쿼시,웨이트트레이닝,2,오후
U2770,스쿼시,요가,3,오후
U2771,스쿼시,필라테스,1,저녁
U2772,스쿼시,크로스핏,1,오전
U2773,스쿼시,스피닝,2,오전
U2774,스쿼시,줌바댄스,4,저녁
U2775,스쿼시,홈트레이닝,3,오후
U2776,스쿼시,PT,3,저녁
U2777,스쿼시,바디펌프,3,오전
U2778,스쿼시,스트레칭,3,저녁
U2779,스쿼시,서킷트레이닝,5,오후
U2780,스쿼시,태보,2,오후
U2781,스쿼시,케틀벨운동,4,오후
U2782,스쿼시,맨몸운동,1,오후
U2783,스쿼시,파워리프팅,3,저녁
U2784,스쿼시,덤벨운동,5,저녁
U2785,스쿼시,유연성운동,2,오전
U2786,스쿼시,코어운동,2,저녁
U2787,스쿼시,체형교정운동,5,오전
U2788,스쿼시,TRX,2,오후
U2789,스쿼시,밴드운동,5,오전
U2790,스쿼시,요가플로우,5,저녁
U2791,라켓볼,피구,4,오전
U2792,라켓볼,크리켓,2,오전
U2793,라켓볼,골프,5,저녁
U2794,라켓볼,당구,3,오후
U2795,라켓볼,핸드볼,2,저녁
U2796,라켓볼,족구,4,오후
U2797,라켓볼,플로어볼,2,오전
U2798,라켓볼,럭비,2,오전
U2799,라켓볼,비치발리볼,1,저녁
U2800,라켓볼,게이트볼,4,오전
U2801,라켓볼,세팍타크로,2,오후
U2802,라켓볼,번지점프,1,오전
U2803,라켓볼,패러글라이딩,4,오전
U2804,라켓볼,스카이다이빙,3,오후
U2805,라켓볼,서핑,5,저녁
U2806,라켓볼,윈드서핑,1,오후
U2807,라켓볼,카약,1,오후
U2808,라켓볼,카누,2,오전
U2809,라켓볼,래프팅,5,저녁
U2810,라켓볼,스쿠버다이빙,3,저녁
U2811,라켓볼,프리다이빙,5,저녁
U2812,라켓볼,스노보드,5,오전
U2813,라켓볼,스키,5,저녁
U2814,라켓볼,암벽등반,2,오전
U2815,라켓볼,볼더링,2,저녁
U2816,라켓볼,산악자전거,1,오후
U2817,라켓볼,스케이트보드,4,오전
U2818,라켓볼,BMX,4,오전
U2819,라켓볼,오프로드바이크,3,저녁
U2820,라켓볼,카트레이싱,5,오전
U2821,라켓볼,드리프트,1,오후
U2822,라켓볼,모터크로스,2,오후
U2823,라켓볼,패들보드,3,저녁
U2824,라켓볼,집라인,5,저녁
U2825,라켓볼,패러슈트글라이딩,1,오후
U2826,라켓볼,스피드스케이팅,3,오후
U2827,라켓볼,헬스,5,오후
U2828,라켓볼,웨이트트레이닝,5,오후
U2829,라켓볼,요가,3,오전
U2830,라켓볼,필라테스,3,저녁
U2831,라켓볼,크로스핏,5,저녁
U2832,라켓볼,스피닝,3,오후
U2833,라켓볼,줌바댄스,4,오후
U2834,라켓볼,홈트레이닝,2,오전
U2835,라켓볼,PT,3,오전
U2836,라켓볼,바디펌프,5,오전
U2837,라켓볼,스트레칭,4,오후
U2838,라켓볼,서킷트레이닝,4,저녁
U2839,라켓볼,태보,3,오후
U2840,라켓볼,케틀벨운동,2,저녁
U2841,라켓볼,맨몸운동,5,오후
U2842,라켓볼,파워리프팅,2,저녁
U2843,라켓볼,덤벨운동,3,저녁
U2844,라켓볼,유연성운동,2,오전
U2845,라켓볼,코어운동,3,저녁
U2846,라켓볼,체형교정운동,2,오전
U2847,라켓볼,TRX,4,오후
U2848,라켓볼,밴드운동,4,오전
U2849,라켓볼,요가플로우,5,오후
U2850,피구,크리켓,4,오후
U2851,피구,골프,1,저녁
U2852,피구,당구,4,저녁
U2853,피구,핸드볼,3,저녁
U2854,피구,족구,2,오전
U2855,피구,플로어볼,1,오전
U2856,피구,럭비,5,오후
U2857,피구,비치발리볼,5,오전
U2858,피구,게이트볼,3,오전
U2859,피구,세팍타크로,2,오후
U2860,피구,번지점프,5,오후
U2861,피구,패러글라이딩,4,오후
U2862,피구,스카이다이빙,5,오전
U2863,피구,서핑,1,오후
U2864,피구,윈드서핑,1,오전
U2865,피구,카약,1,오후
U2866,피구,카누,1,오전
U2867,피구,래프팅,2,오전
U2868,피구,스쿠버다이빙,4,오후
U2869,피구,프리다이빙,1,저녁
U2870,피구,스노보드,1,오전
U2871,피구,스키,2,오후
U2872,피구,암벽등반,4,저녁
U2873,피구,볼더링,5,오후
U2874,피구,산악자전거,2,오전
U2875,피구,스케이트보드,3,오전
U2876,피구,BMX,4,저녁
U2877,피구,오프로드바이크,3,오전
U2878,피구,카트레이싱,4,오전
U2879,피구,드리프트,1,저녁
U2880,피구,모터크로스,2,오후
U2881,피구,패들보드,3,오전
U2882,피구,집라인,2,오전
U2883,피구,패러슈트글라이딩,3,저녁
U2884,피구,스피드스케이팅,3,저녁
U2885,피구,헬스,5,오후
U2886,피구,웨이트트레이닝,5,오전
U2887,피구,요가,5,오전
U2888,피구,필라테스,4,저녁
U2889,피구,크로스핏,1,오후
U2890,피구,스피닝,5,오후
U2891,피구,줌바댄스,5,오후
U2892,피구,홈트레이닝,2,오후
U2893,피구,PT,1,저녁
U2894,피구,바디펌프,4,오후
U2895,피구,스트레칭,5,오후
U2896,피구,서킷트레이닝,1,오전
U2897,피구,태보,4,오후
U2898,피구,케틀벨운동,3,오후
U2899,피구,맨몸운동,1,저녁
U2900,피구,파워리프팅,5,오후
U2901,피구,덤벨운동,2,오후
U2902,피구,유연성운동,3,저녁
U2903,피구,코어운동,1,오전
U2904,피구,체형교정운동,5,저녁
U2905,피구,TRX,1,오전
U2906,피구,밴드운동,2,저녁
U2907,피구,요가플로우,4,오후
U2908,크리켓,골프,1,오후
U2909,크리켓,당구,2,오전
U2910,크리켓,핸드볼,3,저녁
U2911,크리켓,족구,4,오후
U2912,크리켓,플로어볼,5,오후
U2913,크리켓,럭비,1,오후
U2914,크리켓,비치발리볼,3,저녁
U2915,크리켓,게이트볼,4,오후
U2916,크리켓,세팍타크로,2,저녁
U2917,크리켓,번지점프,1,저녁
U2918,크리켓,패러글라이딩,2,오전
U2919,크리켓,스카이다이빙,3,저녁
U2920,크리켓,서핑,3,저녁
U2921,크리켓,윈드서핑,4,오후
U2922,크리켓,카약,4,저녁
U2923,크리켓,카누,4,저녁
U2924,크리켓,래프팅,5,오전
U2925,크리켓,스쿠버다이빙,3,저녁
U2926,크리켓,프리다이빙,5,오전
U2927,크리켓,스노보드,5,저녁
U2928,크리켓,스키,2,저녁
U2929,크리켓,암벽등반,3,오전
U2930,크리켓,볼더링,5,저녁
U2931,크리켓,산악자전거,3,오전
U2932,크리켓,스케이트보드,4,오후
U2933,크리켓,BMX,5,오후
U2934,크리켓,오프로드바이크,3,저녁
U2935,크리켓,카트레이싱,4,저녁
U2936,크리켓,드리프트,4,오후
U2937,크리켓,모터크로스,2,저녁
U2938,크리켓,패들보드,5,오후
U2939,크리켓,집라인,2,오후
U2940,크리켓,패러슈트글라이딩,4,오전
U2941,크리켓,스피드스케이팅,4,저녁
U2942,크리켓,헬스,5,오전
U2943,크리켓,웨이트트레이닝,4,오전
U2944,크리켓,요가,4,오후
U2945,크리켓,필라테스,4,저녁
U2946,크리켓,크로스핏,1,오전
U2947,크리켓,스피닝,3,저녁
U2948,크리켓,줌바댄스,5,오후
U2949,크리켓,홈트레이닝,1,저녁
U2950,크리켓,PT,1,저녁
U2951,크리켓,바디펌프,5,오전
U2952,크리켓,스트레칭,2,오후
U2953,크리켓,서킷트레이닝,5,저녁
U2954,크리켓,태보,3,오전
U2955,크리켓,케틀벨운동,3,오전
U2956,크리켓,맨몸운동,2,오후
U2957,크리켓,파워리프팅,4,오후
U2958,크리켓,덤벨운동,4,저녁
U2959,크리켓,유연성운동,2,오후
U2960,크리켓,코어운동,1,오전
U2961,크리켓,체형교정운동,4,저녁
U2962,크리켓,TRX,3,오전
U2963,크리켓,밴드운동,4,오전
U2964,크리켓,요가플로우,3,오후
U2965,골프,당구,1,오후
U2966,골프,핸드볼,2,오전
U2967,골프,족구,2,오전
U2968,골프,플로어볼,5,오전
U2969,골프,럭비,2,오후
U2970,골프,비치발리볼,5,저녁
U2971,골프,게이트볼,3,오후
U2972,골프,세팍타크로,2,오후
U2973,골프,번지점프,1,오전
U2974,골프,패러글라이딩,5,오후
U2975,골프,스카이다이빙,2,오전
U2976,골프,서핑,2,저녁
U2977,골프,윈드서핑,2,오후
U2978,골프,카약,5,오전
U2979,골프,카누,5,저녁
U2980,골프,래프팅,1,오후
U2981,골프,스쿠버다이빙,5,오전
U2982,골프,프리다이빙,5,오후
U2983,골프,스노보드,2,저녁
U2984,골프,스키,5,저녁
U2985,골프,암벽등반,1,저녁
U2986,골프,볼더링,1,오후
U2987,골프,산악자전거,4,오후
U2988,골프,스케이트보드,5,오후
U2989,골프,BMX,1,오후
U2990,골프,오프로드바이크,5,오후
U2991,골프,카트레이싱,2,저녁
U2992,골프,드리프트,4,오후
U2993,골프,모터크로스,4,오전
U2994,골프,패들보드,5,저녁
U2995,골프,집라인,5,저녁
U2996,골프,패러슈트글라이딩,1,저녁
U2997,골프,스피드스케이팅,5,오전
U2998,골프,헬스,5,오후
U2999,골프,웨이트트레이닝,2,저녁
U3000,골프,요가,5,오전
U3001,골프,필라테스,4,오후
U3002,골프,크로스핏,3,저녁
U3003,골프,스피닝,4,오후
U3004,골프,줌바댄스,2,오전
U3005,골프,홈트레이닝,5,오전
U3006,골프,PT,4,오전
U3007,골프,바디펌프,3,오후
U3008,골프,스트레칭,4,오전
U3009,골프,서킷트레이닝,2,오전
U3010,골프,태보,4,저녁
U3011,골프,케틀벨운동,1,오후
U3012,골프,맨몸운동,4,오후
U3013,골프,파워리프팅,3,저녁
U3014,골프,덤벨운동,4,오전
U3015,골프,유연성운동,2,저녁
U3016,골프,코어운동,2,오전
U3017,골프,체형교정운동,1,저녁
U3018,골프,TRX,5,오전
U3019,골프,밴드운동,1,오후
U3020,골프,요가플로우,5,오전
U3021,당구,핸드볼,2,오후
U3022,당구,족구,1,저녁
U3023,당구,플로어볼,4,오후
U3024,당구,럭비,5,오전
U3025,당구,비치발리볼,5,저녁
U3026,당구,게이트볼,3,오후
U3027,당구,세팍타크로,1,오후
U3028,당구,번지점프,2,저녁
U3029,당구,패러글라이딩,5,오전
U3030,당구,스카이다이빙,5,저녁
U3031,당구,서핑,4,오전
U3032,당구,윈드서핑,3,저녁
U3033,당구,카약,4,오후
U3034,당구,카누,3,오후
U3035,당구,래프팅,1,저녁
U3036,당구,스쿠버다이빙,2,오후
U3037,당구,프리다이빙,2,저녁
U3038,당구,스노보드,2,오전
U3039,당구,스키,4,오후
U3040,당구,암벽등반,5,오후
U3041,당구,볼더링,5,오전
U3042,당구,산악자전거,5,오후
U3043,당구,스케이트보드,3,저녁
U3044,당구,BMX,3,저녁
U3045,당구,오프로드바이크,4,저녁
U3046,당구,카트레이싱,5,오후
U3047,당구,드리프트,3,오후
U3048,당구,모터크로스,5,오전
U3049,당구,패들보드,2,오후
U3050,당구,집라인,3,오후
U3051,당구,패러슈트글라이딩,2,오전
U3052,당구,스피드스케이팅,5,오후
U3053,당구,헬스,5,오전
U3054,당구,웨이트트레이닝,1,저녁
U3055,당구,요가,1,오전
U3056,당구,필라테스,2,오후
U3057,당구,크로스핏,2,오후
U3058,당구,스피닝,3,오전
U3059,당구,줌바댄스,2,오전
U3060,당구,홈트레이닝,2,오전
U3061,당구,PT,5,저녁
U3062,당구,바디펌프,5,오전
U3063,당구,스트레칭,2,오전
U3064,당구,서킷트레이닝,3,오후
U3065,당구,태보,2,오전
U3066,당구,케틀벨운동,4,오후
U3067,당구,맨몸운동,4,오전
U3068,당구,파워리프팅,3,오후
U3069,당구,덤벨운동,4,오전
U3070,당구,유연성운동,5,저녁
U3071,당구,코어운동,2,오전
U3072,당구,체형교정운동,2,오후
U3073,당구,TRX,4,저녁
U3074,당구,밴드운동,3,저녁
U3075,당구,요가플로우,4,오전
U3076,핸드볼,족구,2,오전
U3077,핸드볼,플로어볼,3,저녁
U3078,핸드볼,럭비,4,저녁
U3079,핸드볼,비치발리볼,1,저녁
U3080,핸드볼,게이트볼,1,오전
U3081,핸드볼,세팍타크로,5,오후
U3082,핸드볼,번지점프,4,오전
U3083,핸드볼,패러글라이딩,1,오후
U3084,핸드볼,스카이다이빙,4,저녁
U3085,핸드볼,서핑,3,오전
U3086,핸드볼,윈드서핑,2,저녁
U3087,핸드볼,카약,1,오전
U3088,핸드볼,카누,3,오후
U3089,핸드볼,래프팅,2,오전
U3090,핸드볼,스쿠버다이빙,5,오전
U3091,핸드볼,프리다이빙,5,저녁
U3092,핸드볼,스노보드,1,저녁
U3093,핸드볼,스키,5,오전
U3094,핸드볼,암벽등반,1,저녁
U3095,핸드볼,볼더링,5,저녁
U3096,핸드볼,산악자전거,1,저녁
U3097,핸드볼,스케이트보드,4,저녁
U3098,핸드볼,BMX,5,오후
U3099,핸드볼,오프로드바이크,4,오전
U3100,핸드볼,카트레이싱,5,저녁
U3101,핸드볼,드리프트,3,오전
U3102,핸드볼,모터크로스,4,오후
U3103,핸드볼,패들보드,3,오전
U3104,핸드볼,집라인,4,오전
U3105,핸드볼,패러슈트글라이딩,4,오전
U3106,핸드볼,스피드스케이팅,4,오전
U3107,핸드볼,헬스,4,저녁
U3108,핸드볼,웨이트트레이닝,5,저녁
U3109,핸드볼,요가,3,오전
U3110,핸드볼,필라테스,3,오전
U3111,핸드볼,크로스핏,5,오후
U3112,핸드볼,스피닝,1,저녁
U3113,핸드볼,줌바댄스,3,오전
U3114,핸드볼,홈트레이닝,4,저녁
U3115,핸드볼,PT,1,오후
U3116,핸드볼,바디펌프,4,오전
U3117,핸드볼,스트레칭,1,저녁
U3118,핸드볼,서킷트레이닝,3,오전
U3119,핸드볼,태보,3,오전
U3120,핸드볼,케틀벨운동,1,오후
U3121,핸드볼,맨몸운동,2,저녁
U3122,핸드볼,파워리프팅,5,오후
U3123,핸드볼,덤벨운동,4,저녁
U3124,핸드볼,유연성운동,3,오후
U3125,핸드볼,코어운동,1,오전
U3126,핸드볼,체형교정운동,1,저녁
U3127,핸드볼,TRX,4,오전
U3128,핸드볼,밴드운동,3,오후
U3129,핸드볼,요가플로우,3,오후
U3130,족구,플로어볼,2,오전
U3131,족구,럭비,3,오후
U3132,족구,비치발리볼,3,오전
U3133,족구,게이트볼,3,오후
U3134,족구,세팍타크로,3,저녁
U3135,족구,번지점프,4,저녁
U3136,족구,패러글라이딩,2,오후
U3137,족구,스카이다이빙,3,오후
U3138,족구,서핑,1,오후
U3139,족구,윈드서핑,2,오전
U3140,족구,카약,5,오전
U3141,족구,카누,2,오후
U3142,족구,래프팅,3,저녁
U3143,족구,스쿠버다이빙,1,오후
U3144,족구,프리다이빙,4,저녁
U3145,족구,스노보드,4,저녁
U3146,족구,스키,1,오전
U3147,족구,암벽등반,5,오전
U3148,족구,볼더링,3,오후
U3149,족구,산악자전거,4,저녁
U3150,족구,스케이트보드,3,오전
U3151,족구,BMX,3,저녁
U3152,족구,오프로드바이크,5,저녁
U3153,족구,카트레이싱,5,오전
U3154,족구,드리프트,2,저녁
U3155,족구,모터크로스,2,오후
U3156,족구,패들보드,3,오전
U3157,족구,집라인,2,오전
U3158,족구,패러슈트글라이딩,1,저녁
U3159,족구,스피드스케이팅,1,저녁
U3160,족구,헬스,1,오후
U3161,족구,웨이트트레이닝,1,오후
U3162,족구,요가,5,오전
U3163,족구,필라테스,5,오전
U3164,족구,크로스핏,1,저녁
U3165,족구,스피닝,4,오전
U3166,족구,줌바댄스,3,오후
U3167,족구,홈트레이닝,4,오후
U3168,족구,PT,2,오전
U3169,족구,바디펌프,2,저녁
U3170,족구,스트레칭,3,오후
U3171,족구,서킷트레이닝,1,오후
U3172,족구,태보,4,오전
U3173,족구,케틀벨운동,3,오전
U3174,족구,맨몸운동,3,오전
U3175,족구,파워리프팅,5,오전
U3176,족구,덤벨운동,4,저녁
U3177,족구,유연성운동,1,오후
U3178,족구,코어운동,4,저녁
U3179,족구,체형교정운동,3,오전
U3180,족구,TRX,2,오전
U3181,족구,밴드운동,1,오후
U3182,족구,요가플로우,1,오전
U3183,플로어볼,럭비,4,오후
U3184,플로어볼,비치발리볼,2,오전
U3185,플로어볼,게이트볼,1,저녁
U3186,플로어볼,세팍타크로,1,저녁
U3187,플로어볼,번지점프,3,저녁
U3188,플로어볼,패러글라이딩,3,오후
U3189,플로어볼,스카이다이빙,2,오전
U3190,플로어볼,서핑,2,저녁
U3191,플로어볼,윈드서핑,2,저녁
U3192,플로어볼,카약,2,저녁
U3193,플로어볼,카누,4,저녁
U3194,플로어볼,래프팅,2,저녁
U3195,플로어볼,스쿠버다이빙,5,저녁
U3196,플로어볼,프리다이빙,5,오전
U3197,플로어볼,스노보드,5,오후
U3198,플로어볼,스키,3,저녁
U3199,플로어볼,암벽등반,5,오전
U3200,플로어볼,볼더링,3,저녁
U3201,플로어볼,산악자전거,3,오후
U3202,플로어볼,스케이트보드,4,오후
U3203,플로어볼,BMX,2,오전
U3204,플로어볼,오프로드바이크,2,저녁
U3205,플로어볼,카트레이싱,2,오전
U3206,플로어볼,드리프트,3,저녁
U3207,플로어볼,모터크로스,4,오후
U3208,플로어볼,패들보드,4,저녁
U3209,플로어볼,집라인,2,저녁
U3210,플로어볼,패러슈트글라이딩,2,오후
U3211,플로어볼,스피드스케이팅,3,오후
U3212,플로어볼,헬스,5,오전
U3213,플로어볼,웨이트트레이닝,4,오후
U3214,플로어볼,요가,5,저녁
U3215,플로어볼,필라테스,2,오후
U3216,플로어볼,크로스핏,5,오후
U3217,플로어볼,스피닝,5,오전
U3218,플로어볼,줌바댄스,2,오후
U3219,플로어볼,홈트레이닝,4,오전
U3220,플로어볼,PT,1,저녁
U3221,플로어볼,바디펌프,1,오후
U3222,플로어볼,스트레칭,1,오전
U3223,플로어볼,서킷트레이닝,3,오후
U3224,플로어볼,태보,1,오전
U3225,플로어볼,케틀벨운동,1,오전
U3226,플로어볼,맨몸운동,4,오전
U3227,플로어볼,파워리프팅,5,저녁
U3228,플로어볼,덤벨운동,3,오전
U3229,플로어볼,유연성운동,3,오전
U3230,플로어볼,코어운동,2,저녁
U3231,플로어볼,체형교정운동,2,저녁
U3232,플로어볼,TRX,1,오전
U3233,플로어볼,밴드운동,4,오전
U3234,플로어볼,요가플로우,2,오후
U3235,럭비,비치발리볼,5,저녁
U3236,럭비,게이트볼,1,오전
U3237,럭비,세팍타크로,1,오전
U3238,럭비,번지점프,3,오후
U3239,럭비,패러글라이딩,5,저녁
U3240,럭비,스카이다이빙,2,오후
U3241,럭비,서핑,4,저녁
U3242,럭비,윈드서핑,3,저녁
U3243,럭비,카약,4,오전
U3244,럭비,카누,3,저녁
U3245,럭비,래프팅,1,오전
U3246,럭비,스쿠버다이빙,1,오전
U3247,럭비,프리다이빙,5,저녁
U3248,럭비,스노보드,2,오후
U3249,럭비,스키,2,오전
U3250,럭비,암벽등반,3,오후
U3251,럭비,볼더링,1,오후
U3252,럭비,산악자전거,4,오후
U3253,럭비,스케이트보드,2,저녁
U3254,럭비,BMX,2,저녁
U3255,럭비,오프로드바이크,4,오전
U3256,럭비,카트레이싱,2,오후
U3257,럭비,드리프트,3,오후
U3258,럭비,모터크로스,1,저녁
U3259,럭비,패들보드,4,오후
U3260,럭비,집라인,3,오후
U3261,럭비,패러슈트글라이딩,4,저녁
U3262,럭비,스피드스케이팅,5,오전
U3263,럭비,헬스,3,저녁
U3264,럭비,웨이트트레이닝,5,오후
U3265,럭비,요가,5,오전
U3266,럭비,필라테스,5,오전
U3267,럭비,크로스핏,5,오후
U3268,럭비,스피닝,1,오전
U3269,럭비,줌바댄스,3,오전
U3270,럭비,홈트레이닝,4,저녁
U3271,럭비,PT,4,오후
U3272,럭비,바디펌프,3,오전
U3273,럭비,스트레칭,4,오전
U3274,럭비,서킷트레이닝,2,저녁
U3275,럭비,태보,3,오후
U3276,럭비,케틀벨운동,3,오후
U3277,럭비,맨몸운동,5,오전
U3278,럭비,파워리프팅,3,저녁
U3279,럭비,덤벨운동,5,오전
U3280,럭비,유연성운동,5,오전
U3281,럭비,코어운동,2,오후
U3282,럭비,체형교정운동,1,오전
U3283,럭비,TRX,1,오후
U3284,럭비,밴드운동,1,오전
U3285,럭비,요가플로우,4,저녁
U3286,비치발리볼,게이트볼,1,저녁
U3287,비치발리볼,세팍타크로,1,저녁
U3288,비치발리볼,번지점프,2,오후
U3289,비치발리볼,패러글라이딩,4,오전
U3290,비치발리볼,스카이다이빙,2,저녁
U3291,비치발리볼,서핑,2,오후
U3292,비치발리볼,윈드서핑,3,오후
U3293,비치발리볼,카약,4,오후
U3294,비치발리볼,카누,2,오후
U3295,비치발리볼,래프팅,1,저녁
U3296,비치발리볼,스쿠버다이빙,3,오전
U3297,비치발리볼,프리다이빙,5,저녁
U3298,비치발리볼,스노보드,4,오후
U3299,비치발리볼,스키,1,오전
U3300,비치발리볼,암벽등반,5,오전
U3301,비치발리볼,볼더링,5,오후
U3302,비치발리볼,산악자전거,1,오전
U3303,비치발리볼,스케이트보드,2,오후
U3304,비치발리볼,BMX,4,저녁
U3305,비치발리볼,오프로드바이크,5,오후
U3306,비치발리볼,카트레이싱,5,저녁
U3307,비치발리볼,드리프트,5,오후
U3308,비치발리볼,모터크로스,3,오전
U3309,비치발리볼,패들보드,4,저녁
U3310,비치발리볼,집라인,4,오전
U3311,비치발리볼,패러슈트글라이딩,4,오후
U3312,비치발리볼,스피드스케이팅,3,오전
U3313,비치발리볼,헬스,1,저녁
U3314,비치발리볼,웨이트트레이닝,3,오전
U3315,비치발리볼,요가,1,오전
U3316,비치발리볼,필라테스,1,오후
U3317,비치발리볼,크로스핏,5,저녁
U3318,비치발리볼,스피닝,3,저녁
U3319,비치발리볼,줌바댄스,1,저녁
U3320,비치발리볼,홈트레이닝,5,오전
U3321,비치발리볼,PT,3,오전
U3322,비치발리볼,바디펌프,2,오전
U3323,비치발리볼,스트레칭,5,오전
U3324,비치발리볼,서킷트레이닝,1,오전
U3325,비치발리볼,태보,1,오후
U3326,비치발리볼,케틀벨운동,3,오전
U3327,비치발리볼,맨몸운동,1,오전
U3328,비치발리볼,파워리프팅,2,저녁
U3329,비치발리볼,덤벨운동,2,오전
U3330,비치발리볼,유연성운동,4,오전
U3331,비치발리볼,코어운동,1,저녁
U3332,비치발리볼,체형교정운동,2,저녁
U3333,비치발리볼,TRX,3,오후
U3334,비치발리볼,밴드운동,4,오후
U3335,비치발리볼,요가플로우,5,저녁
U3336,게이트볼,세팍타크로,1,오전
U3337,게이트볼,번지점프,1,저녁
U3338,게이트볼,패러글라이딩,3,저녁
U3339,게이트볼,스카이다이빙,4,오후
U3340,게이트볼,서핑,2,오전
U3341,게이트볼,윈드서핑,4,저녁
U3342,게이트볼,카약,5,오전
U3343,게이트볼,카누,1,오후
U3344,게이트볼,래프팅,1,저녁
U3345,게이트볼,스쿠버다이빙,5,저녁
U3346,게이트볼,프리다이빙,4,오전
U3347,게이트볼,스노보드,3,오전
U3348,게이트볼,스키,3,오전
U3349,게이트볼,암벽등반,5,오전
U3350,게이트볼,볼더링,2,오후
U3351,게이트볼,산악자전거,4,오후
U3352,게이트볼,스케이트보드,4,오전
U3353,게이트볼,BMX,4,오전
U3354,게이트볼,오프로드바이크,1,오전
U3355,게이트볼,카트레이싱,4,오전
U3356,게이트볼,드리프트,5,오후
U3357,게이트볼,모터크로스,4,오후
U3358,게이트볼,패들보드,4,오전
U3359,게이트볼,집라인,4,저녁
U3360,게이트볼,패러슈트글라이딩,1,오전
U3361,게이트볼,스피드스케이팅,4,오전
U3362,게이트볼,헬스,1,저녁
U3363,게이트볼,웨이트트레이닝,2,오후
U3364,게이트볼,요가,3,저녁
U3365,게이트볼,필라테스,1,저녁
U3366,게이트볼,크로스핏,4,오전
U3367,게이트볼,스피닝,5,오전
U3368,게이트볼,줌바댄스,1,오전
U3369,게이트볼,홈트레이닝,2,저녁
U3370,게이트볼,PT,2,오후
U3371,게이트볼,바디펌프,1,오후
U3372,게이트볼,스트레칭,2,오전
U3373,게이트볼,서킷트레이닝,5,저녁
U3374,게이트볼,태보,2,저녁
U3375,게이트볼,케틀벨운동,2,오후
U3376,게이트볼,맨몸운동,1,오후
U3377,게이트볼,파워리프팅,5,저녁
U3378,게이트볼,덤벨운동,4,오후
U3379,게이트볼,유연성운동,1,오전
U3380,게이트볼,코어운동,3,오전
U3381,게이트볼,체형교정운동,3,오전
U3382,게이트볼,TRX,3,오전
U3383,게이트볼,밴드운동,5,오후
U3384,게이트볼,요가플로우,1,오전
U3385,세팍타크로,번지점프,5,저녁
U3386,세팍타크로,패러글라이딩,5,저녁
U3387,세팍타크로,스카이다이빙,1,저녁
U3388,세팍타크로,서핑,5,오전
U3389,세팍타크로,윈드서핑,2,오전
U3390,세팍타크로,카약,3,오후
U3391,세팍타크로,카누,5,오전
U3392,세팍타크로,래프팅,1,저녁
U3393,세팍타크로,스쿠버다이빙,5,저녁
U3394,세팍타크로,프리다이빙,4,저녁
U3395,세팍타크로,스노보드,3,저녁
U3396,세팍타크로,스키,2,오전
U3397,세팍타크로,암벽등반,3,오전
U3398,세팍타크로,볼더링,1,저녁
U3399,세팍타크로,산악자전거,1,저녁
U3400,세팍타크로,스케이트보드,4,오후
U3401,세팍타크로,BMX,1,오후
U3402,세팍타크로,오프로드바이크,3,저녁
U3403,세팍타크로,카트레이싱,1,오전
U3404,세팍타크로,드리프트,4,오후
U3405,세팍타크로,모터크로스,5,오전
U3406,세팍타크로,패들보드,1,저녁
U3407,세팍타크로,집라인,3,저녁
U3408,세팍타크로,패러슈트글라이딩,5,오후
U3409,세팍타크로,스피드스케이팅,3,저녁
U3410,세팍타크로,헬스,2,오후
U3411,세팍타크로,웨이트트레이닝,3,오전
U3412,세팍타크로,요가,4,오후
U3413,세팍타크로,필라테스,4,저녁
U3414,세팍타크로,크로스핏,1,오후
U3415,세팍타크로,스피닝,4,오후
U3416,세팍타크로,줌바댄스,4,오후
U3417,세팍타크로,홈트레이닝,2,오후
U3418,세팍타크로,PT,3,오후
U3419,세팍타크로,바디펌프,5,오후
U3420,세팍타크로,스트레칭,1,오후
U3421,세팍타크로,서킷트레이닝,1,오전
U3422,세팍타크로,태보,2,오전
U3423,세팍타크로,케틀벨운동,3,저녁
U3424,세팍타크로,맨몸운동,2,저녁
U3425,세팍타크로,파워리프팅,1,오후
U3426,세팍타크로,덤벨운동,1,오전
U3427,세팍타크로,유연성운동,3,저녁
U3428,세팍타크로,코어운동,3,저녁
U3429,세팍타크로,체형교정운동,4,오전
U3430,세팍타크로,TRX,2,오전
U3431,세팍타크로,밴드운동,2,저녁
U3432,세팍타크로,요가플로우,2,저녁
U3433,번지점프,패러글라이딩,1,오전
U3434,번지점프,스카이다이빙,1,저녁
U3435,번지점프,서핑,5,오후
U3436,번지점프,윈드서핑,1,저녁
U3437,번지점프,카약,5,오후
U3438,번지점프,카누,4,오전
U3439,번지점프,래프팅,4,오전
U3440,번지점프,스쿠버다이빙,5,오후
U3441,번지점프,프리다이빙,3,오전
U3442,번지점프,스노보드,4,오전
U3443,번지점프,스키,2,오전
U3444,번지점프,암벽등반,4,오전
U3445,번지점프,볼더링,4,저녁
U3446,번지점프,산악자전거,4,저녁
U3447,번지점프,스케이트보드,1,오후
U3448,번지점프,BMX,5,저녁
U3449,번지점프,오프로드바이크,5,오전
U3450,번지점프,카트레이싱,5,오후
U3451,번지점프,드리프트,4,오후
U3452,번지점프,모터크로스,4,오전
U3453,번지점프,패들보드,3,오후
U3454,번지점프,집라인,5,오후
U3455,번지점프,패러슈트글라이딩,5,오후
U3456,번지점프,스피드스케이팅,4,오전
U3457,번지점프,헬스,4,오전
U3458,번지점프,웨이트트레이닝,1,저녁
U3459,번지점프,요가,5,오후
U3460,번지점프,필라테스,4,오후
U3461,번지점프,크로스핏,5,오후
U3462,번지점프,스피닝,2,오전
U3463,번지점프,줌바댄스,5,오전
U3464,번지점프,홈트레이닝,4,오후
U3465,번지점프,PT,2,오전
U3466,번지점프,바디펌프,3,저녁
U3467,번지점프,스트레칭,3,오전
U3468,번지점프,서킷트레이닝,2,저녁
U3469,번지점프,태보,3,오후
U3470,번지점프,케틀벨운동,2,오전
U3471,번지점프,맨몸운동,2,오전
U3472,번지점프,파워리프팅,4,오후
U3473,번지점프,덤벨운동,2,저녁
U3474,번지점프,유연성운동,4,저녁
U3475,번지점프,코어운동,2,저녁
U3476,번지점프,체형교정운동,1,오후
U3477,번지점프,TRX,3,오전
U3478,번지점프,밴드운동,4,저녁
U3479,번지점프,요가플로우,2,오전
U3480,패러글라이딩,스카이다이빙,5,오전
U3481,패러글라이딩,서핑,3,오전
U3482,패러글라이딩,윈드서핑,5,오후
U3483,패러글라이딩,카약,3,오후
U3484,패러글라이딩,카누,4,오전
U3485,패러글라이딩,래프팅,3,오전
U3486,패러글라이딩,스쿠버다이빙,2,오전
U3487,패러글라이딩,프리다이빙,2,오후
U3488,패러글라이딩,스노보드,2,오전
U3489,패러글라이딩,스키,1,오후
U3490,패러글라이딩,암벽등반,3,저녁
U3491,패러글라이딩,볼더링,5,오후
U3492,패러글라이딩,산악자전거,4,오전
U3493,패러글라이딩,스케이트보드,3,오후
U3494,패러글라이딩,BMX,5,저녁
U3495,패러글라이딩,오프로드바이크,4,오전
U3496,패러글라이딩,카트레이싱,1,오전
U3497,패러글라이딩,드리프트,2,오전
U3498,패러글라이딩,모터크로스,2,오후
U3499,패러글라이딩,패들보드,2,저녁
U3500,패러글라이딩,집라인,1,오전
U3501,패러글라이딩,패러슈트글라이딩,4,오전
U3502,패러글라이딩,스피드스케이팅,4,오전
U3503,패러글라이딩,헬스,3,오전
U3504,패러글라이딩,웨이트트레이닝,5,오후
U3505,패러글라이딩,요가,1,저녁
U3506,패러글라이딩,필라테스,2,오후
U3507,패러글라이딩,크로스핏,2,저녁
U3508,패러글라이딩,스피닝,2,오전
U3509,패러글라이딩,줌바댄스,4,오후
U3510,패러글라이딩,홈트레이닝,2,오전
U3511,패러글라이딩,PT,3,저녁
U3512,패러글라이딩,바디펌프,1,오후
U3513,패러글라이딩,스트레칭,4,저녁
U3514,패러글라이딩,서킷트레이닝,4,오전
U3515,패러글라이딩,태보,3,오전
U3516,패러글라이딩,케틀벨운동,2,저녁
U3517,패러글라이딩,맨몸운동,1,저녁
U3518,패러글라이딩,파워리프팅,5,오후
U3519,패러글라이딩,덤벨운동,3,오후
U3520,패러글라이딩,유연성운동,1,오전
U3521,패러글라이딩,코어운동,5,저녁
U3522,패러글라이딩,체형교정운동,3,오전
U3523,패러글라이딩,TRX,5,오후
U3524,패러글라이딩,밴드운동,5,오후
U3525,패러글라이딩,요가플로우,1,오후
U3526,스카이다이빙,서핑,4,저녁
U3527,스카이다이빙,윈드서핑,1,오후
U3528,스카이다이빙,카약,1,저녁
U3529,스카이다이빙,카누,5,저녁
U3530,스카이다이빙,래프팅,3,오전
U3531,스카이다이빙,스쿠버다이빙,2,저녁
U3532,스카이다이빙,프리다이빙,5,저녁
U3533,스카이다이빙,스노보드,2,오후
U3534,스카이다이빙,스키,2,오후
U3535,스카이다이빙,암벽등반,1,저녁
U3536,스카이다이빙,볼더링,3,오전
U3537,스카이다이빙,산악자전거,4,저녁
U3538,스카이다이빙,스케이트보드,3,오전
U3539,스카이다이빙,BMX,5,저녁
U3540,스카이다이빙,오프로드바이크,1,저녁
U3541,스카이다이빙,카트레이싱,5,오후
U3542,스카이다이빙,드리프트,3,오후
U3543,스카이다이빙,모터크로스,1,저녁
U3544,스카이다이빙,패들보드,5,오후
U3545,스카이다이빙,집라인,4,저녁
U3546,스카이다이빙,패러슈트글라이딩,1,저녁
U3547,스카이다이빙,스피드스케이팅,1,오전
U3548,스카이다이빙,헬스,3,저녁
U3549,스카이다이빙,웨이트트레이닝,1,저녁
U3550,스카이다이빙,요가,1,오전
U3551,스카이다이빙,필라테스,1,오후
U3552,스카이다이빙,크로스핏,4,저녁
U3553,스카이다이빙,스피닝,1,저녁
U3554,스카이다이빙,줌바댄스,2,오후
U3555,스카이다이빙,홈트레이닝,5,오전
U3556,스카이다이빙,PT,1,오전
U3557,스카이다이빙,바디펌프,5,저녁
U3558,스카이다이빙,스트레칭,3,오후
U3559,스카이다이빙,서킷트레이닝,4,오전
U3560,스카이다이빙,태보,4,저녁
U3561,스카이다이빙,케틀벨운동,5,오후
U3562,스카이다이빙,맨몸운동,3,오후
U3563,스카이다이빙,파워리프팅,3,오후
U3564,스카이다이빙,덤벨운동,5,오전
U3565,스카이다이빙,유연성운동,2,오전
U3566,스카이다이빙,코어운동,4,오후
U3567,스카이다이빙,체형교정운동,4,저녁
U3568,스카이다이빙,TRX,3,저녁
U3569,스카이다이빙,밴드운동,2,오전
U3570,스카이다이빙,요가플로우,1,저녁
U3571,서핑,윈드서핑,3,오후
U3572,서핑,카약,3,오후
U3573,서핑,카누,3,오후
U3574,서핑,래프팅,5,오후
U3575,서핑,스쿠버다이빙,3,오후
U3576,서핑,프리다이빙,2,저녁
U3577,서핑,스노보드,4,오전
U3578,서핑,스키,3,오전
U3579,서핑,암벽등반,1,저녁
U3580,서핑,볼더링,4,오전
U3581,서핑,산악자전거,2,오전
U3582,서핑,스케이트보드,1,저녁
U3583,서핑,BMX,1,오후
U3584,서핑,오프로드바이크,5,오후
U3585,서핑,카트레이싱,1,저녁
U3586,서핑,드리프트,4,오전
U3587,서핑,모터크로스,5,저녁
U3588,서핑,패들보드,5,저녁
U3589,서핑,집라인,2,저녁
U3590,서핑,패러슈트글라이딩,1,오전
U3591,서핑,스피드스케이팅,5,오전
U3592,서핑,헬스,5,오전
U3593,서핑,웨이트트레이닝,2,오전
U3594,서핑,요가,5,저녁
U3595,서핑,필라테스,4,오후
U3596,서핑,크로스핏,4,오후
U3597,서핑,스피닝,2,저녁
U3598,서핑,줌바댄스,1,저녁
U3599,서핑,홈트레이닝,4,오후
U3600,서핑,PT,1,오전
U3601,서핑,바디펌프,4,오후
U3602,서핑,스트레칭,2,오전
U3603,서핑,서킷트레이닝,4,오후
U3604,서핑,태보,1,오전
U3605,서핑,케틀벨운동,2,저녁
U3606,서핑,맨몸운동,5,저녁
U3607,서핑,파워리프팅,1,오후
U3608,서핑,덤벨운동,2,오전
U3609,서핑,유연성운동,3,오후
U3610,서핑,코어운동,5,오전
U3611,서핑,체형교정운동,1,저녁
U3612,서핑,TRX,1,오후
U3613,서핑,밴드운동,4,저녁
U3614,서핑,요가플로우,1,오후
U3615,윈드서핑,카약,4,저녁
U3616,윈드서핑,카누,2,저녁
U3617,윈드서핑,래프팅,1,오후
U3618,윈드서핑,스쿠버다이빙,5,오후
U3619,윈드서핑,프리다이빙,5,오후
U3620,윈드서핑,스노보드,1,저녁
U3621,윈드서핑,스키,5,오후
U3622,윈드서핑,암벽등반,2,오전
U3623,윈드서핑,볼더링,5,오후
U3624,윈드서핑,산악자전거,2,오후
U3625,윈드서핑,스케이트보드,3,오전
U3626,윈드서핑,BMX,5,오전
U3627,윈드서핑,오프로드바이크,3,오전
U3628,윈드서핑,카트레이싱,3,오전
U3629,윈드서핑,드리프트,4,오전
U3630,윈드서핑,모터크로스,4,저녁
U3631,윈드서핑,패들보드,4,오전
U3632,윈드서핑,집라인,2,오전
U3633,윈드서핑,패러슈트글라이딩,5,저녁
U3634,윈드서핑,스피드스케이팅,3,오전
U3635,윈드서핑,헬스,2,오후
U3636,윈드서핑,웨이트트레이닝,1,저녁
U3637,윈드서핑,요가,5,저녁
U3638,윈드서핑,필라테스,4,오후
U3639,윈드서핑,크로스핏,5,오후
U3640,윈드서핑,스피닝,5,오후
U3641,윈드서핑,줌바댄스,5,저녁
U3642,윈드서핑,홈트레이닝,4,저녁
U3643,윈드서핑,PT,1,오전
U3644,윈드서핑,바디펌프,4,오전
U3645,윈드서핑,스트레칭,1,저녁
U3646,윈드서핑,서킷트레이닝,3,오후
U3647,윈드서핑,태보,1,오전
U3648,윈드서핑,케틀벨운동,2,오후
U3649,윈드서핑,맨몸운동,3,오후
U3650,윈드서핑,파워리프팅,4,오후
U3651,윈드서핑,덤벨운동,1,오후
U3652,윈드서핑,유연성운동,4,오후
U3653,윈드서핑,코어운동,3,오후
U3654,윈드서핑,체형교정운동,5,오후
U3655,윈드서핑,TRX,3,저녁
U3656,윈드서핑,밴드운동,2,저녁
U3657,윈드서핑,요가플로우,4,오전
U3658,카약,카누,3,오전
U3659,카약,래프팅,4,오후
U3660,카약,스쿠버다이빙,4,오후
U3661,카약,프리다이빙,5,저녁
U3662,카약,스노보드,2,오후
U3663,카약,스키,1,오전
U3664,카약,암벽등반,3,오후
U3665,카약,볼더링,1,오전
U3666,카약,산악자전거,1,저녁
U3667,카약,스케이트보드,1,저녁
U3668,카약,BMX,3,오후
U3669,카약,오프로드바이크,2,오전
U3670,카약,카트레이싱,1,오전
U3671,카약,드리프트,2,오후
U3672,카약,모터크로스,1,오후
U3673,카약,패들보드,2,오전
U3674,카약,집라인,2,오후
U3675,카약,패러슈트글라이딩,4,오전
U3676,카약,스피드스케이팅,5,오후
U3677,카약,헬스,3,오후
U3678,카약,웨이트트레이닝,1,오후
U3679,카약,요가,5,오후
U3680,카약,필라테스,2,오후
U3681,카약,크로스핏,5,저녁
U3682,카약,스피닝,1,오전
U3683,카약,줌바댄스,3,오전
U3684,카약,홈트레이닝,2,저녁
U3685,카약,PT,4,저녁
U3686,카약,바디펌프,3,오후
U3687,카약,스트레칭,5,저녁
U3688,카약,서킷트레이닝,2,저녁
U3689,카약,태보,3,오전
U3690,카약,케틀벨운동,5,저녁
U3691,카약,맨몸운동,4,오전
U3692,카약,파워리프팅,2,저녁
U3693,카약,덤벨운동,4,오전
U3694,카약,유연성운동,1,오후
U3695,카약,코어운동,2,오전
U3696,카약,체형교정운동,4,저녁
U3697,카약,TRX,3,저녁
U3698,카약,밴드운동,5,오전
U3699,카약,요가플로우,3,오후
U3700,카누,래프팅,2,오전
U3701,카누,스쿠버다이빙,2,오후
U3702,카누,프리다이빙,2,오전
U3703,카누,스노보드,3,오전
U3704,카누,스키,4,오전
U3705,카누,암벽등반,2,오후
U3706,카누,볼더링,2,저녁
U3707,카누,산악자전거,1,오후
U3708,카누,스케이트보드,4,오전
U3709,카누,BMX,3,저녁
U3710,카누,오프로드바이크,5,저녁
U3711,카누,카트레이싱,3,오후
U3712,카누,드리프트,2,오전
U3713,카누,모터크로스,1,오후
U3714,카누,패들보드,3,오후
U3715,카누,집라인,4,오전
U3716,카누,패러슈트글라이딩,2,오후
U3717,카누,스피드스케이팅,2,오전
U3718,카누,헬스,3,오전
U3719,카누,웨이트트레이닝,5,오후
U3720,카누,요가,5,오전
U3721,카누,필라테스,1,오후
U3722,카누,크로스핏,4,오후
U3723,카누,스피닝,3,오전
U3724,카누,줌바댄스,3,오후
U3725,카누,홈트레이닝,1,오전
U3726,카누,PT,5,저녁
U3727,카누,바디펌프,5,오후
U3728,카누,스트레칭,4,오전
U3729,카누,서킷트레이닝,5,오전
U3730,카누,태보,4,오전
U3731,카누,케틀벨운동,3,오전
U3732,카누,맨몸운동,5,오전
U3733,카누,파워리프팅,2,저녁
U3734,카누,덤벨운동,3,오전
U3735,카누,유연성운동,3,오후
U3736,카누,코어운동,4,오후
U3737,카누,체형교정운동,5,저녁
U3738,카누,TRX,2,오전
U3739,카누,밴드운동,2,저녁
U3740,카누,요가플로우,5,오전
U3741,래프팅,스쿠버다이빙,3,오전
U3742,래프팅,프리다이빙,1,저녁
U3743,래프팅,스노보드,1,오후
U3744,래프팅,스키,2,저녁
U3745,래프팅,암벽등반,3,오전
U3746,래프팅,볼더링,3,오전
U3747,래프팅,산악자전거,4,오전
U3748,래프팅,스케이트보드,4,저녁
U3749,래프팅,BMX,3,오후
U3750,래프팅,오프로드바이크,4,오전
U3751,래프팅,카트레이싱,5,오전
U3752,래프팅,드리프트,1,저녁
U3753,래프팅,모터크로스,3,오전
U3754,래프팅,패들보드,4,저녁
U3755,래프팅,집라인,4,저녁
U3756,래프팅,패러슈트글라이딩,4,저녁
U3757,래프팅,스피드스케이팅,4,오후
U3758,래프팅,헬스,3,오전
U3759,래프팅,웨이트트레이닝,4,오후
U3760,래프팅,요가,1,오전
U3761,래프팅,필라테스,3,오후
U3762,래프팅,크로스핏,2,저녁
U3763,래프팅,스피닝,3,저녁
U3764,래프팅,줌바댄스,3,오후
U3765,래프팅,홈트레이닝,5,오후
U3766,래프팅,PT,1,저녁
U3767,래프팅,바디펌프,4,오후
U3768,래프팅,스트레칭,2,오전
U3769,래프팅,서킷트레이닝,4,오전
U3770,래프팅,태보,4,저녁
U3771,래프팅,케틀벨운동,3,오후
U3772,래프팅,맨몸운동,2,오전
U3773,래프팅,파워리프팅,5,오전
U3774,래프팅,덤벨운동,3,오전
U3775,래프팅,유연성운동,2,오전
U3776,래프팅,코어운동,4,오후
U3777,래프팅,체형교정운동,3,오전
U3778,래프팅,TRX,2,저녁
U3779,래프팅,밴드운동,5,오전
U3780,래프팅,요가플로우,4,저녁
U3781,스쿠버다이빙,프리다이빙,2,오후
U3782,스쿠버다이빙,스노보드,3,오후
U3783,스쿠버다이빙,스키,4,오후
U3784,스쿠버다이빙,암벽등반,5,오후
U3785,스쿠버다이빙,볼더링,4,오전
U3786,스쿠버다이빙,산악자전거,3,저녁
U3787,스쿠버다이빙,스케이트보드,2,오전
U3788,스쿠버다이빙,BMX,1,저녁
U3789,스쿠버다이빙,오프로드바이크,4,오전
U3790,스쿠버다이빙,카트레이싱,5,오후
U3791,스쿠버다이빙,드리프트,2,저녁
U3792,스쿠버다이빙,모터크로스,3,오전
U3793,스쿠버다이빙,패들보드,4,오전
U3794,스쿠버다이빙,집라인,5,오후
U3795,스쿠버다이빙,패러슈트글라이딩,1,저녁
U3796,스쿠버다이빙,스피드스케이팅,1,오후
U3797,스쿠버다이빙,헬스,1,오전
U3798,스쿠버다이빙,웨이트트레이닝,1,오전
U3799,스쿠버다이빙,요가,5,오후
U3800,스쿠버다이빙,필라테스,2,오전
U3801,스쿠버다이빙,크로스핏,5,오후
U3802,스쿠버다이빙,스피닝,1,저녁
U3803,스쿠버다이빙,줌바댄스,1,오전
U3804,스쿠버다이빙,홈트레이닝,4,저녁
U3805,스쿠버다이빙,PT,4,오후
U3806,스쿠버다이빙,바디펌프,5,저녁
U3807,스쿠버다이빙,스트레칭,5,오전
U3808,스쿠버다이빙,서킷트레이닝,2,오후
U3809,스쿠버다이빙,태보,5,오전
U3810,스쿠버다이빙,케틀벨운동,5,저녁
U3811,스쿠버다이빙,맨몸운동,4,오후
U3812,스쿠버다이빙,파워리프팅,1,오전
U3813,스쿠버다이빙,덤벨운동,3,오전
U3814,스쿠버다이빙,유연성운동,1,오후
U3815,스쿠버다이빙,코어운동,3,오전
U3816,스쿠버다이빙,체형교정운동,3,오전
U3817,스쿠버다이빙,TRX,2,오전
U3818,스쿠버다이빙,밴드운동,2,오후
U3819,스쿠버다이빙,요가플로우,2,저녁
U3820,프리다이빙,스노보드,4,오전
U3821,프리다이빙,스키,2,오후
U3822,프리다이빙,암벽등반,1,저녁
U3823,프리다이빙,볼더링,5,오전
U3824,프리다이빙,산악자전거,2,오전
U3825,프리다이빙,스케이트보드,5,저녁
U3826,프리다이빙,BMX,4,오전
U3827,프리다이빙,오프로드바이크,5,오전
U3828,프리다이빙,카트레이싱,2,오후
U3829,프리다이빙,드리프트,1,저녁
U3830,프리다이빙,모터크로스,3,오후
U3831,프리다이빙,패들보드,4,오전
U3832,프리다이빙,집라인,5,오전
U3833,프리다이빙,패러슈트글라이딩,4,저녁
U3834,프리다이빙,스피드스케이팅,2,오후
U3835,프리다이빙,헬스,5,오후
U3836,프리다이빙,웨이트트레이닝,2,저녁
U3837,프리다이빙,요가,3,저녁
U3838,프리다이빙,필라테스,4,저녁
U3839,프리다이빙,크로스핏,4,오전
U3840,프리다이빙,스피닝,5,저녁
U3841,프리다이빙,줌바댄스,3,저녁
U3842,프리다이빙,홈트레이닝,5,저녁
U3843,프리다이빙,PT,4,오후
U3844,프리다이빙,바디펌프,5,오후
U3845,프리다이빙,스트레칭,5,저녁
U3846,프리다이빙,서킷트레이닝,3,오전
U3847,프리다이빙,태보,4,오후
U3848,프리다이빙,케틀벨운동,2,오전
U3849,프리다이빙,맨몸운동,4,오후
U3850,프리다이빙,파워리프팅,1,저녁
U3851,프리다이빙,덤벨운동,3,오후
U3852,프리다이빙,유연성운동,3,저녁
U3853,프리다이빙,코어운동,5,오후
U3854,프리다이빙,체형교정운동,1,저녁
U3855,프리다이빙,TRX,5,저녁
U3856,프리다이빙,밴드운동,3,오후
U3857,프리다이빙,요가플로우,2,오후
U3858,스노보드,스키,1,오전
U3859,스노보드,암벽등반,4,저녁
U3860,스노보드,볼더링,5,오전
U3861,스노보드,산악자전거,3,저녁
U3862,스노보드,스케이트보드,4,저녁
U3863,스노보드,BMX,4,오후
U3864,스노보드,오프로드바이크,2,오후
U3865,스노보드,카트레이싱,3,저녁
U3866,스노보드,드리프트,1,오전
U3867,스노보드,모터크로스,5,저녁
U3868,스노보드,패들보드,3,오전
U3869,스노보드,집라인,2,저녁
U3870,스노보드,패러슈트글라이딩,3,오전
U3871,스노보드,스피드스케이팅,1,오후
U3872,스노보드,헬스,1,저녁
U3873,스노보드,웨이트트레이닝,5,저녁
U3874,스노보드,요가,5,오후
U3875,스노보드,필라테스,3,오후
U3876,스노보드,크로스핏,3,오전
U3877,스노보드,스피닝,5,저녁
U3878,스노보드,줌바댄스,2,오전
U3879,스노보드,홈트레이닝,2,저녁
U3880,스노보드,PT,1,오전
U3881,스노보드,바디펌프,5,오후
U3882,스노보드,스트레칭,3,오전
U3883,스노보드,서킷트레이닝,5,오후
U3884,스노보드,태보,3,오후
U3885,스노보드,케틀벨운동,3,저녁
U3886,스노보드,맨몸운동,3,오전
U3887,스노보드,파워리프팅,3,오후
U3888,스노보드,덤벨운동,2,저녁
U3889,스노보드,유연성운동,2,오후
U3890,스노보드,코어운동,3,저녁
U3891,스노보드,체형교정운동,1,저녁
U3892,스노보드,TRX,1,오후
U3893,스노보드,밴드운동,1,저녁
U3894,스노보드,요가플로우,2,저녁
U3895,스키,암벽등반,3,저녁
U3896,스키,볼더링,5,오후
U3897,스키,산악자전거,1,저녁
U3898,스키,스케이트보드,5,오전
U3899,스키,BMX,3,오전
U3900,스키,오프로드바이크,2,오전
U3901,스키,카트레이싱,2,오전
U3902,스키,드리프트,2,오후
U3903,스키,모터크로스,5,저녁
U3904,스키,패들보드,5,오전
U3905,스키,집라인,3,저녁
U3906,스키,패러슈트글라이딩,4,오후
U3907,스키,스피드스케이팅,1,저녁
U3908,스키,헬스,5,오전
U3909,스키,웨이트트레이닝,1,오후
U3910,스키,요가,4,저녁
U3911,스키,필라테스,2,오전
U3912,스키,크로스핏,2,저녁
U3913,스키,스피닝,2,오전
U3914,스키,줌바댄스,4,오전
U3915,스키,홈트레이닝,5,오후
U3916,스키,PT,4,오후
U3917,스키,바디펌프,1,오전
U3918,스키,스트레칭,5,오전
U3919,스키,서킷트레이닝,5,오전
U3920,스키,태보,3,오후
U3921,스키,케틀벨운동,2,저녁
U3922,스키,맨몸운동,3,오전
U3923,스키,파워리프팅,2,오전
U3924,스키,덤벨운동,5,오후
U3925,스키,유연성운동,1,오전
U3926,스키,코어운동,4,오후
U3927,스키,체형교정운동,3,오전
U3928,스키,TRX,5,저녁
U3929,스키,밴드운동,4,저녁
U3930,스키,요가플로우,5,저녁
U3931,암벽등반,볼더링,2,오후
U3932,암벽등반,산악자전거,1,오전
U3933,암벽등반,스케이트보드,2,오전
U3934,암벽등반,BMX,2,오전
U3935,암벽등반,오프로드바이크,3,오전
U3936,암벽등반,카트레이싱,1,저녁
U3937,암벽등반,드리프트,5,오후
U3938,암벽등반,모터크로스,4,오전
U3939,암벽등반,패들보드,5,오후
U3940,암벽등반,집라인,1,오전
U3941,암벽등반,패러슈트글라이딩,4,오전
U3942,암벽등반,스피드스케이팅,3,오전
U3943,암벽등반,헬스,1,오전
U3944,암벽등반,웨이트트레이닝,3,오전
U3945,암벽등반,요가,4,저녁
U3946,암벽등반,필라테스,5,오후
U3947,암벽등반,크로스핏,4,저녁
U3948,암벽등반,스피닝,2,오전
U3949,암벽등반,줌바댄스,2,오전
U3950,암벽등반,홈트레이닝,5,오전
U3951,암벽등반,PT,1,오전
U3952,암벽등반,바디펌프,5,오전
U3953,암벽등반,스트레칭,1,오후
U3954,암벽등반,서킷트레이닝,4,오전
U3955,암벽등반,태보,5,오전
U3956,암벽등반,케틀벨운동,3,저녁
U3957,암벽등반,맨몸운동,1,오전
U3958,암벽등반,파워리프팅,3,오후
U3959,암벽등반,덤벨운동,3,오후
U3960,암벽등반,유연성운동,4,오후
U3961,암벽등반,코어운동,2,오전
U3962,암벽등반,체형교정운동,2,오전
U3963,암벽등반,TRX,3,오후
U3964,암벽등반,밴드운동,4,오후
U3965,암벽등반,요가플로우,3,저녁
U3966,볼더링,산악자전거,5,오전
U3967,볼더링,스케이트보드,5,오전
U3968,볼더링,BMX,2,저녁
U3969,볼더링,오프로드바이크,1,저녁
U3970,볼더링,카트레이싱,2,저녁
U3971,볼더링,드리프트,1,오전
U3972,볼더링,모터크로스,2,오전
U3973,볼더링,패들보드,1,저녁
U3974,볼더링,집라인,5,오전
U3975,볼더링,패러슈트글라이딩,4,저녁
U3976,볼더링,스피드스케이팅,2,오전
U3977,볼더링,헬스,1,오전
U3978,볼더링,웨이트트레이닝,5,오전
U3979,볼더링,요가,5,오전
U3980,볼더링,필라테스,3,오전
U3981,볼더링,크로스핏,4,저녁
U3982,볼더링,스피닝,5,오후
U3983,볼더링,줌바댄스,2,저녁
U3984,볼더링,홈트레이닝,3,저녁
U3985,볼더링,PT,4,저녁
U3986,볼더링,바디펌프,3,오후
U3987,볼더링,스트레칭,2,오전
U3988,볼더링,서킷트레이닝,3,저녁
U3989,볼더링,태보,1,오전
U3990,볼더링,케틀벨운동,3,오후
U3991,볼더링,맨몸운동,4,저녁
U3992,볼더링,파워리프팅,4,오후
U3993,볼더링,덤벨운동,5,오후
U3994,볼더링,유연성운동,2,오후
U3995,볼더링,코어운동,5,저녁
U3996,볼더링,체형교정운동,2,저녁
U3997,볼더링,TRX,5,오전
U3998,볼더링,밴드운동,5,오전
U3999,볼더링,요가플로우,4,저녁
U4000,산악자전거,스케이트보드,2,저녁
U4001,산악자전거,BMX,4,오후
U4002,산악자전거,오프로드바이크,3,저녁
U4003,산악자전거,카트레이싱,5,저녁
U4004,산악자전거,드리프트,1,오전
U4005,산악자전거,모터크로스,4,저녁
U4006,산악자전거,패들보드,2,오후
U4007,산악자전거,집라인,3,오후
U4008,산악자전거,패러슈트글라이딩,3,오전
U4009,산악자전거,스피드스케이팅,1,오후
U4010,산악자전거,헬스,2,오후
U4011,산악자전거,웨이트트레이닝,4,오전
U4012,산악자전거,요가,4,오전
U4013,산악자전거,필라테스,1,오후
U4014,산악자전거,크로스핏,4,오후
U4015,산악자전거,스피닝,1,오전
U4016,산악자전거,줌바댄스,2,오후
U4017,산악자전거,홈트레이닝,3,오후
U4018,산악자전거,PT,5,오후
U4019,산악자전거,바디펌프,2,오후
U4020,산악자전거,스트레칭,3,오전
U4021,산악자전거,서킷트레이닝,3,오후
U4022,산악자전거,태보,1,저녁
U4023,산악자전거,케틀벨운동,2,오전
U4024,산악자전거,맨몸운동,3,오전
U4025,산악자전거,파워리프팅,2,오후
U4026,산악자전거,덤벨운동,1,저녁
U4027,산악자전거,유연성운동,2,오후
U4028,산악자전거,코어운동,1,저녁
U4029,산악자전거,체형교정운동,5,오전
U4030,산악자전거,TRX,4,저녁
U4031,산악자전거,밴드운동,5,오후
U4032,산악자전거,요가플로우,1,오후
U4033,스케이트보드,BMX,4,오후
U4034,스케이트보드,오프로드바이크,1,저녁
U4035,스케이트보드,카트레이싱,4,오전
U4036,스케이트보드,드리프트,2,오후
U4037,스케이트보드,모터크로스,1,저녁
U4038,스케이트보드,패들보드,4,저녁
U4039,스케이트보드,집라인,1,오후
U4040,스케이트보드,패러슈트글라이딩,3,오후
U4041,스케이트보드,스피드스케이팅,3,저녁
U4042,스케이트보드,헬스,5,오전
U4043,스케이트보드,웨이트트레이닝,4,저녁
U4044,스케이트보드,요가,5,오전
U4045,스케이트보드,필라테스,2,저녁
U4046,스케이트보드,크로스핏,1,오후
U4047,스케이트보드,스피닝,4,저녁
U4048,스케이트보드,줌바댄스,4,저녁
U4049,스케이트보드,홈트레이닝,2,오후
U4050,스케이트보드,PT,1,저녁
U4051,스케이트보드,바디펌프,5,오후
U4052,스케이트보드,스트레칭,4,저녁
U4053,스케이트보드,서킷트레이닝,3,오후
U4054,스케이트보드,태보,4,저녁
U4055,스케이트보드,케틀벨운동,1,저녁
U4056,스케이트보드,맨몸운동,5,오후
U4057,스케이트보드,파워리프팅,3,오전
U4058,스케이트보드,덤벨운동,2,오전
U4059,스케이트보드,유연성운동,5,오후
U4060,스케이트보드,코어운동,5,오전
U4061,스케이트보드,체형교정운동,4,오전
U4062,스케이트보드,TRX,5,저녁
U4063,스케이트보드,밴드운동,1,오후
U4064,스케이트보드,요가플로우,2,오후
U4065,BMX,오프로드바이크,4,오후
U4066,BMX,카트레이싱,1,오후
U4067,BMX,드리프트,2,오후
U4068,BMX,모터크로스,1,저녁
U4069,BMX,패들보드,5,오후
U4070,BMX,집라인,5,오후
U4071,BMX,패러슈트글라이딩,2,저녁
U4072,BMX,스피드스케이팅,5,오전
U4073,BMX,헬스,3,오전
U4074,BMX,웨이트트레이닝,4,오후
U4075,BMX,요가,3,저녁
U4076,BMX,필라테스,5,오전
U4077,BMX,크로스핏,1,저녁
U4078,BMX,스피닝,1,저녁
U4079,BMX,줌바댄스,3,오전
U4080,BMX,홈트레이닝,5,저녁
U4081,BMX,PT,3,오후
U4082,BMX,바디펌프,4,오후
U4083,BMX,스트레칭,5,오후
U4084,BMX,서킷트레이닝,2,저녁
U4085,BMX,태보,2,저녁
U4086,BMX,케틀벨운동,1,오후
U4087,BMX,맨몸운동,5,오전
U4088,BMX,파워리프팅,4,저녁
U4089,BMX,덤벨운동,3,오전
U4090,BMX,유연성운동,3,오후
U4091,BMX,코어운동,4,오전
U4092,BMX,체형교정운동,1,오전
U4093,BMX,TRX,3,오전
U4094,BMX,밴드운동,4,오후
U4095,BMX,요가플로우,5,오후
U4096,오프로드바이크,카트레이싱,3,저녁
U4097,오프로드바이크,드리프트,3,저녁
U4098,오프로드바이크,모터크로스,3,저녁
U4099,오프로드바이크,패들보드,5,저녁
U4100,오프로드바이크,집라인,4,오후
U4101,오프로드바이크,패러슈트글라이딩,5,오후
U4102,오프로드바이크,스피드스케이팅,5,저녁
U4103,오프로드바이크,헬스,3,오전
U4104,오프로드바이크,웨이트트레이닝,1,오후
U4105,오프로드바이크,요가,2,저녁
U4106,오프로드바이크,필라테스,3,저녁
U4107,오프로드바이크,크로스핏,1,저녁
U4108,오프로드바이크,스피닝,3,저녁
U4109,오프로드바이크,줌바댄스,4,오후
U4110,오프로드바이크,홈트레이닝,3,오후
U4111,오프로드바이크,PT,2,저녁
U4112,오프로드바이크,바디펌프,1,오후
U4113,오프로드바이크,스트레칭,1,오전
U4114,오프로드바이크,서킷트레이닝,5,오전
U4115,오프로드바이크,태보,3,오후
U4116,오프로드바이크,케틀벨운동,3,저녁
U4117,오프로드바이크,맨몸운동,1,오후
U4118,오프로드바이크,파워리프팅,5,오후
U4119,오프로드바이크,덤벨운동,2,오전
U4120,오프로드바이크,유연성운동,2,오후
U4121,오프로드바이크,코어운동,5,저녁
U4122,오프로드바이크,체형교정운동,1,오전
U4123,오프로드바이크,TRX,2,오전
U4124,오프로드바이크,밴드운동,3,오전
U4125,오프로드바이크,요가플로우,2,오후
U4126,카트레이싱,드리프트,5,저녁
U4127,카트레이싱,모터크로스,3,저녁
U4128,카트레이싱,패들보드,3,오전
U4129,카트레이싱,집라인,5,오전
U4130,카트레이싱,패러슈트글라이딩,3,저녁
U4131,카트레이싱,스피드스케이팅,1,오후
U4132,카트레이싱,헬스,2,오후
U4133,카트레이싱,웨이트트레이닝,1,저녁
U4134,카트레이싱,요가,1,저녁
U4135,카트레이싱,필라테스,4,저녁
U4136,카트레이싱,크로스핏,3,오전
U4137,카트레이싱,스피닝,4,오전
U4138,카트레이싱,줌바댄스,4,오후
U4139,카트레이싱,홈트레이닝,3,오전
U4140,카트레이싱,PT,3,오후
U4141,카트레이싱,바디펌프,2,오전
U4142,카트레이싱,스트레칭,1,저녁
U4143,카트레이싱,서킷트레이닝,5,저녁
U4144,카트레이싱,태보,2,오후
U4145,카트레이싱,케틀벨운동,2,오전
U4146,카트레이싱,맨몸운동,2,오전
U4147,카트레이싱,파워리프팅,3,저녁
U4148,카트레이싱,덤벨운동,3,저녁
U4149,카트레이싱,유연성운동,3,오후
U4150,카트레이싱,코어운동,2,오후
U4151,카트레이싱,체형교정운동,4,오전
U4152,카트레이싱,TRX,3,오후
U4153,카트레이싱,밴드운동,3,오후
U4154,카트레이싱,요가플로우,3,오전
U4155,드리프트,모터크로스,1,오전
U4156,드리프트,패들보드,2,오전
U4157,드리프트,집라인,3,저녁
U4158,드리프트,패러슈트글라이딩,1,저녁
U4159,드리프트,스피드스케이팅,2,오후
U4160,드리프트,헬스,2,오후
U4161,드리프트,웨이트트레이닝,1,오후
U4162,드리프트,요가,2,오후
U4163,드리프트,필라테스,4,오전
U4164,드리프트,크로스핏,3,저녁
U4165,드리프트,스피닝,5,저녁
U4166,드리프트,줌바댄스,4,오후
U4167,드리프트,홈트레이닝,5,오전
U4168,드리프트,PT,3,오후
U4169,드리프트,바디펌프,1,저녁
U4170,드리프트,스트레칭,5,오전
U4171,드리프트,서킷트레이닝,3,오전
U4172,드리프트,태보,2,오후
U4173,드리프트,케틀벨운동,5,저녁
U4174,드리프트,맨몸운동,2,저녁
U4175,드리프트,파워리프팅,3,저녁
U4176,드리프트,덤벨운동,5,오후
U4177,드리프트,유연성운동,1,오전
U4178,드리프트,코어운동,2,저녁
U4179,드리프트,체형교정운동,1,오후
U4180,드리프트,TRX,1,저녁
U4181,드리프트,밴드운동,5,오전
U4182,드리프트,요가플로우,2,오후
U4183,모터크로스,패들보드,5,저녁
U4184,모터크로스,집라인,2,오전
U4185,모터크로스,패러슈트글라이딩,5,저녁
U4186,모터크로스,스피드스케이팅,3,저녁
U4187,모터크로스,헬스,2,오전
U4188,모터크로스,웨이트트레이닝,5,오전
U4189,모터크로스,요가,3,오후
U4190,모터크로스,필라테스,3,저녁
U4191,모터크로스,크로스핏,1,오후
U4192,모터크로스,스피닝,2,저녁
U4193,모터크로스,줌바댄스,2,오전
U4194,모터크로스,홈트레이닝,5,저녁
U4195,모터크로스,PT,3,저녁
U4196,모터크로스,바디펌프,2,오후
U4197,모터크로스,스트레칭,4,오후
U4198,모터크로스,서킷트레이닝,1,저녁
U4199,모터크로스,태보,4,오후
U4200,모터크로스,케틀벨운동,2,저녁
U4201,모터크로스,맨몸운동,2,오전
U4202,모터크로스,파워리프팅,3,저녁
U4203,모터크로스,덤벨운동,5,오전
U4204,모터크로스,유연성운동,4,오후
U4205,모터크로스,코어운동,5,저녁
U4206,모터크로스,체형교정운동,2,오후
U4207,모터크로스,TRX,4,오후
U4208,모터크로스,밴드운동,1,저녁
U4209,모터크로스,요가플로우,3,오전
U4210,패들보드,집라인,2,오후
U4211,패들보드,패러슈트글라이딩,3,오전
U4212,패들보드,스피드스케이팅,1,오후
U4213,패들보드,헬스,3,오전
U4214,패들보드,웨이트트레이닝,5,오후
U4215,패들보드,요가,3,오후
U4216,패들보드,필라테스,3,저녁
U4217,패들보드,크로스핏,5,저녁
U4218,패들보드,스피닝,2,저녁
U4219,패들보드,줌바댄스,4,오전
U4220,패들보드,홈트레이닝,2,저녁
U4221,패들보드,PT,3,저녁
U4222,패들보드,바디펌프,5,오후
U4223,패들보드,스트레칭,3,오후
U4224,패들보드,서킷트레이닝,2,오후
U4225,패들보드,태보,3,오후
U4226,패들보드,케틀벨운동,2,저녁
U4227,패들보드,맨몸운동,3,저녁
U4228,패들보드,파워리프팅,3,오전
U4229,패들보드,덤벨운동,4,오전
U4230,패들보드,유연성운동,1,저녁
U4231,패들보드,코어운동,2,오전
U4232,패들보드,체형교정운동,2,저녁
U4233,패들보드,TRX,4,오전
U4234,패들보드,밴드운동,3,오전
U4235,패들보드,요가플로우,2,오후
U4236,집라인,패러슈트글라이딩,1,오후
U4237,집라인,스피드스케이팅,5,오후
U4238,집라인,헬스,4,오후
U4239,집라인,웨이트트레이닝,3,오후
U4240,집라인,요가,2,오후
U4241,집라인,필라테스,2,저녁
U4242,집라인,크로스핏,4,오전
U4243,집라인,스피닝,4,오전
U4244,집라인,줌바댄스,1,오후
U4245,집라인,홈트레이닝,2,저녁
U4246,집라인,PT,4,저녁
U4247,집라인,바디펌프,4,오전
U4248,집라인,스트레칭,1,오전
U4249,집라인,서킷트레이닝,2,오후
U4250,집라인,태보,2,오전
U4251,집라인,케틀벨운동,3,오전
U4252,집라인,맨몸운동,2,저녁
U4253,집라인,파워리프팅,5,오전
U4254,집라인,덤벨운동,5,오전
U4255,집라인,유연성운동,4,오전
U4256,집라인,코어운동,2,오후
U4257,집라인,체형교정운동,2,저녁
U4258,집라인,TRX,4,오전
U4259,집라인,밴드운동,1,저녁
U4260,집라인,요가플로우,1,저녁
U4261,패러슈트글라이딩,스피드스케이팅,3,오전
U4262,패러슈트글라이딩,헬스,3,저녁
U4263,패러슈트글라이딩,웨이트트레이닝,4,오후
U4264,패러슈트글라이딩,요가,2,오후
U4265,패러슈트글라이딩,필라테스,2,오전
U4266,패러슈트글라이딩,크로스핏,2,저녁
U4267,패러슈트글라이딩,스피닝,3,오후
U4268,패러슈트글라이딩,줌바댄스,3,오후
U4269,패러슈트글라이딩,홈트레이닝,4,저녁
U4270,패러슈트글라이딩,PT,3,오후
U4271,패러슈트글라이딩,바디펌프,5,저녁
U4272,패러슈트글라이딩,스트레칭,3,저녁
U4273,패러슈트글라이딩,서킷트레이닝,3,오전
U4274,패러슈트글라이딩,태보,5,저녁
U4275,패러슈트글라이딩,케틀벨운동,3,오전
U4276,패러슈트글라이딩,맨몸운동,4,오전
U4277,패러슈트글라이딩,파워리프팅,1,오전
U4278,패러슈트글라이딩,덤벨운동,2,오후
U4279,패러슈트글라이딩,유연성운동,1,오전
U4280,패러슈트글라이딩,코어운동,5,오전
U4281,패러슈트글라이딩,체형교정운동,2,오전
U4282,패러슈트글라이딩,TRX,4,오전
U4283,패러슈트글라이딩,밴드운동,3,오전
U4284,패러슈트글라이딩,요가플로우,3,오후
U4285,스피드스케이팅,헬스,3,저녁
U4286,스피드스케이팅,웨이트트레이닝,5,오전
U4287,스피드스케이팅,요가,4,오전
U4288,스피드스케이팅,필라테스,2,오후
U4289,스피드스케이팅,크로스핏,5,오전
U4290,스피드스케이팅,스피닝,2,오후
U4291,스피드스케이팅,줌바댄스,4,오후
U4292,스피드스케이팅,홈트레이닝,1,오후
U4293,스피드스케이팅,PT,5,오후
U4294,스피드스케이팅,바디펌프,3,오후
U4295,스피드스케이팅,스트레칭,3,오후
U4296,스피드스케이팅,서킷트레이닝,5,오전
U4297,스피드스케이팅,태보,3,오후
U4298,스피드스케이팅,케틀벨운동,1,오전
U4299,스피드스케이팅,맨몸운동,4,저녁
U4300,스피드스케이팅,파워리프팅,4,저녁
U4301,스피드스케이팅,덤벨운동,4,오후
U4302,스피드스케이팅,유연성운동,2,오전
U4303,스피드스케이팅,코어운동,5,오후
U4304,스피드스케이팅,체형교정운동,5,오전
U4305,스피드스케이팅,TRX,1,오후
U4306,스피드스케이팅,밴드운동,4,저녁
U4307,스피드스케이팅,요가플로우,4,오전
U4308,헬스,웨이트트레이닝,2,오전
U4309,헬스,요가,4,오후
U4310,헬스,필라테스,5,오후
U4311,헬스,크로스핏,1,오전
U4312,헬스,스피닝,4,오전
U4313,헬스,줌바댄스,4,저녁
U4314,헬스,홈트레이닝,4,오후
U4315,헬스,PT,3,오후
U4316,헬스,바디펌프,3,오전
U4317,헬스,스트레칭,4,저녁
U4318,헬스,서킷트레이닝,3,오후
U4319,헬스,태보,4,저녁
U4320,헬스,케틀벨운동,5,오전
U4321,헬스,맨몸운동,1,오전
U4322,헬스,파워리프팅,4,오후
U4323,헬스,덤벨운동,5,저녁
U4324,헬스,유연성운동,2,오후
U4325,헬스,코어운동,3,오후
U4326,헬스,체형교정운동,4,오전
U4327,헬스,TRX,5,오전
U4328,헬스,밴드운동,4,저녁
U4329,헬스,요가플로우,1,오전
U4330,웨이트트레이닝,요가,1,오후
U4331,웨이트트레이닝,필라테스,3,오후
U4332,웨이트트레이닝,크로스핏,1,오후
U4333,웨이트트레이닝,스피닝,5,오후
U4334,웨이트트레이닝,줌바댄스,4,오후
U4335,웨이트트레이닝,홈트레이닝,2,오전
U4336,웨이트트레이닝,PT,4,저녁
U4337,웨이트트레이닝,바디펌프,2,저녁
U4338,웨이트트레이닝,스트레칭,1,오후
U4339,웨이트트레이닝,서킷트레이닝,5,오후
U4340,웨이트트레이닝,태보,1,오전
U4341,웨이트트레이닝,케틀벨운동,1,오전
U4342,웨이트트레이닝,맨몸운동,1,오후
U4343,웨이트트레이닝,파워리프팅,1,저녁
U4344,웨이트트레이닝,덤벨운동,3,저녁
U4345,웨이트트레이닝,유연성운동,2,저녁
U4346,웨이트트레이닝,코어운동,1,오전
U4347,웨이트트레이닝,체형교정운동,3,오후
U4348,웨이트트레이닝,TRX,2,오후
U4349,웨이트트레이닝,밴드운동,1,오전
U4350,웨이트트레이닝,요가플로우,5,오후
U4351,요가,필라테스,5,오전
U4352,요가,크로스핏,1,오후
U4353,요가,스피닝,3,저녁
U4354,요가,줌바댄스,2,오후
U4355,요가,홈트레이닝,5,저녁
U4356,요가,PT,3,저녁
U4357,요가,바디펌프,2,오후
U4358,요가,스트레칭,5,오전
U4359,요가,서킷트레이닝,1,저녁
U4360,요가,태보,4,저녁
U4361,요가,케틀벨운동,1,오전
U4362,요가,맨몸운동,4,저녁
U4363,요가,파워리프팅,2,저녁
U4364,요가,덤벨운동,4,저녁
U4365,요가,유연성운동,2,오전
U4366,요가,코어운동,4,오후
U4367,요가,체형교정운동,5,오후
U4368,요가,TRX,1,저녁
U4369,요가,밴드운동,5,오후
U4370,요가,요가플로우,1,저녁
U4371,필라테스,크로스핏,1,오전
U4372,필라테스,스피닝,1,오후
U4373,필라테스,줌바댄스,2,저녁
U4374,필라테스,홈트레이닝,5,오후
U4375,필라테스,PT,5,저녁
U4376,필라테스,바디펌프,5,오전
U4377,필라테스,스트레칭,3,저녁
U4378,필라테스,서킷트레이닝,5,저녁
U4379,필라테스,태보,5,저녁
U4380,필라테스,케틀벨운동,4,오후
U4381,필라테스,맨몸운동,3,오후
U4382,필라테스,파워리프팅,5,오전
U4383,필라테스,덤벨운동,3,저녁
U4384,필라테스,유연성운동,1,오전
U4385,필라테스,코어운동,2,오후
U4386,필라테스,체형교정운동,3,오전
U4387,필라테스,TRX,3,저녁
U4388,필라테스,밴드운동,3,저녁
U4389,필라테스,요가플로우,1,오전
U4390,크로스핏,스피닝,3,오전
U4391,크로스핏,줌바댄스,4,오후
U4392,크로스핏,홈트레이닝,1,오후
U4393,크로스핏,PT,3,오후
U4394,크로스핏,바디펌프,5,오전
U4395,크로스핏,스트레칭,3,오전
U4396,크로스핏,서킷트레이닝,3,저녁
U4397,크로스핏,태보,1,저녁
U4398,크로스핏,케틀벨운동,3,오전
U4399,크로스핏,맨몸운동,1,오전
U4400,크로스핏,파워리프팅,1,오후
U4401,크로스핏,덤벨운동,2,오전
U4402,크로스핏,유연성운동,3,오후
U4403,크로스핏,코어운동,4,오전
U4404,크로스핏,체형교정운동,4,오전
U4405,크로스핏,TRX,1,오전
U4406,크로스핏,밴드운동,3,오전
U4407,크로스핏,요가플로우,2,저녁
U4408,스피닝,줌바댄스,5,오전
U4409,스피닝,홈트레이닝,3,저녁
U4410,스피닝,PT,1,오후
U4411,스피닝,바디펌프,2,저녁
U4412,스피닝,스트레칭,1,오후
U4413,스피닝,서킷트레이닝,4,오전
U4414,스피닝,태보,1,오전
U4415,스피닝,케틀벨운동,3,오후
U4416,스피닝,맨몸운동,3,오전
U4417,스피닝,파워리프팅,2,오전
U4418,스피닝,덤벨운동,3,오후
U4419,스피닝,유연성운동,2,오후
U4420,스피닝,코어운동,1,저녁
U4421,스피닝,체형교정운동,1,오후
U4422,스피닝,TRX,1,저녁
U4423,스피닝,밴드운동,4,오전
U4424,스피닝,요가플로우,2,오전
U4425,줌바댄스,홈트레이닝,3,오전
U4426,줌바댄스,PT,3,저녁
U4427,줌바댄스,바디펌프,4,저녁
U4428,줌바댄스,스트레칭,4,오전
U4429,줌바댄스,서킷트레이닝,2,저녁
U4430,줌바댄스,태보,1,저녁
U4431,줌바댄스,케틀벨운동,4,오후
U4432,줌바댄스,맨몸운동,3,오후
U4433,줌바댄스,파워리프팅,4,오전
U4434,줌바댄스,덤벨운동,4,오전
U4435,줌바댄스,유연성운동,4,오전
U4436,줌바댄스,코어운동,1,오전
U4437,줌바댄스,체형교정운동,2,저녁
U4438,줌바댄스,TRX,1,오전
U4439,줌바댄스,밴드운동,4,오후
U4440,줌바댄스,요가플로우,3,오전
U4441,홈트레이닝,PT,1,저녁
U4442,홈트레이닝,바디펌프,3,저녁
U4443,홈트레이닝,스트레칭,3,오후
U4444,홈트레이닝,서킷트레이닝,4,오전
U4445,홈트레이닝,태보,2,저녁
U4446,홈트레이닝,케틀벨운동,2,오후
U4447,홈트레이닝,맨몸운동,2,오전
U4448,홈트레이닝,파워리프팅,4,오전
U4449,홈트레이닝,덤벨운동,1,오전
U4450,홈트레이닝,유연성운동,1,저녁
U4451,홈트레이닝,코어운동,5,오전
U4452,홈트레이닝,체형교정운동,4,저녁
U4453,홈트레이닝,TRX,1,저녁
U4454,홈트레이닝,밴드운동,5,오전
U4455,홈트레이닝,요가플로우,5,오전
U4456,PT,바디펌프,5,오후
U4457,PT,스트레칭,4,오후
U4458,PT,서킷트레이닝,4,오후
U4459,PT,태보,4,오후
U4460,PT,케틀벨운동,2,오후
U4461,PT,맨몸운동,2,오후
U4462,PT,파워리프팅,3,오후
U4463,PT,덤벨운동,2,오전
U4464,PT,유연성운동,1,저녁
U4465,PT,코어운동,5,저녁
U4466,PT,체형교정운동,4,오후
U4467,PT,TRX,1,오전
U4468,PT,밴드운동,4,저녁
U4469,PT,요가플로우,2,저녁
U4470,바디펌프,스트레칭,1,오전
U4471,바디펌프,서킷트레이닝,3,저녁
U4472,바디펌프,태보,5,오전
U4473,바디펌프,케틀벨운동,2,저녁
U4474,바디펌프,맨몸운동,5,오후
U4475,바디펌프,파워리프팅,1,오후
U4476,바디펌프,덤벨운동,1,저녁
U4477,바디펌프,유연성운동,3,오후
U4478,바디펌프,코어운동,2,저녁
U4479,바디펌프,체형교정운동,3,오후
U4480,바디펌프,TRX,1,저녁
U4481,바디펌프,밴드운동,1,저녁
U4482,바디펌프,요가플로우,2,오후
U4483,스트레칭,서킷트레이닝,4,저녁
U4484,스트레칭,태보,3,오후
U4485,스트레칭,케틀벨운동,2,오전
U4486,스트레칭,맨몸운동,4,저녁
U4487,스트레칭,파워리프팅,2,오전
U4488,스트레칭,덤벨운동,3,오전
U4489,스트레칭,유연성운동,4,저녁
U4490,스트레칭,코어운동,4,오후
U4491,스트레칭,체형교정운동,2,오후
U4492,스트레칭,TRX,5,오전
U4493,스트레칭,밴드운동,2,저녁
U4494,스트레칭,요가플로우,5,오후
U4495,서킷트레이닝,태보,5,오후
U4496,서킷트레이닝,케틀벨운동,2,오전
U4497,서킷트레이닝,맨몸운동,3,오후
U4498,서킷트레이닝,파워리프팅,2,오후
U4499,서킷트레이닝,덤벨운동,1,오전
U4500,서킷트레이닝,유연성운동,1,오후
U4501,서킷트레이닝,코어운동,1,오후
U4502,서킷트레이닝,체형교정운동,5,오후
U4503,서킷트레이닝,TRX,2,저녁
U4504,서킷트레이닝,밴드운동,1,오전
U4505,서킷트레이닝,요가플로우,1,오후
U4506,태보,케틀벨운동,5,저녁
U4507,태보,맨몸운동,3,오전
U4508,태보,파워리프팅,4,저녁
U4509,태보,덤벨운동,1,저녁
U4510,태보,유연성운동,1,오후
U4511,태보,코어운동,4,오전
U4512,태보,체형교정운동,1,저녁
U4513,태보,TRX,2,오전
U4514,태보,밴드운동,5,저녁
U4515,태보,요가플로우,1,오후
U4516,케틀벨운동,맨몸운동,4,오전
U4517,케틀벨운동,파워리프팅,3,저녁
U4518,케틀벨운동,덤벨운동,2,오후
U4519,케틀벨운동,유연성운동,2,오후
U4520,케틀벨운동,코어운동,3,저녁
U4521,케틀벨운동,체형교정운동,2,오전
U4522,케틀벨운동,TRX,2,저녁
U4523,케틀벨운동,밴드운동,2,오후
U4524,케틀벨운동,요가플로우,5,오전
U4525,맨몸운동,파워리프팅,1,저녁
U4526,맨몸운동,덤벨운동,2,오전
U4527,맨몸운동,유연성운동,4,저녁
U4528,맨몸운동,코어운동,4,오후
U4529,맨몸운동,체형교정운동,5,저녁
U4530,맨몸운동,TRX,4,오전
U4531,맨몸운동,밴드운동,3,저녁
U4532,맨몸운동,요가플로우,5,오전
U4533,파워리프팅,덤벨운동,4,저녁
U4534,파워리프팅,유연성운동,2,저녁
U4535,파워리프팅,코어운동,1,저녁
U4536,파워리프팅,체형교정운동,5,오전
U4537,파워리프팅,TRX,2,오전
U4538,파워리프팅,밴드운동,4,저녁
U4539,파워리프팅,요가플로우,5,저녁
U4540,덤벨운동,유연성운동,5,오전
U4541,덤벨운동,코어운동,3,오후
U4542,덤벨운동,체형교정운동,2,저녁
U4543,덤벨운동,TRX,2,저녁
U4544,덤벨운동,밴드운동,3,오후
U4545,덤벨운동,요가플로우,2,오후
U4546,유연성운동,코어운동,5,오전
U4547,유연성운동,체형교정운동,3,오전
U4548,유연성운동,TRX,4,오전
U4549,유연성운동,밴드운동,3,저녁
U4550,유연성운동,요가플로우,1,오전
U4551,코어운동,체형교정운동,2,오후
U4552,코어운동,TRX,5,오전
U4553,코어운동,밴드운동,2,저녁
U4554,코어운동,요가플로우,5,저녁
U4555,체형교정운동,TRX,5,오전
U4556,체형교정운동,밴드운동,2,오후
U4557,체형교정운동,요가플로우,1,오전
U4558,TRX,밴드운동,4,오전
U4559,TRX,요가플로우,3,오전
U4560,밴드운동,요가플로우,4,오전
